country_code,year,mpd_gdp
AFG,1960,1326
AFG,1961,1309
AFG,1962,1302
AFG,1963,1298
AFG,1964,1291
AFG,1965,1290
AFG,1966,1272
AFG,1967,1277
AFG,1968,1290
AFG,1969,1278
AFG,1970,1272
AFG,1971,1237
AFG,1972,1007
AFG,1973,1011
AFG,1974,1039
AFG,1975,1074
AFG,1976,1105
AFG,1977,1022
AFG,1978,1070
AFG,1979,1023
AFG,1980,1019
AFG,1981,1144
AFG,1982,1270
AFG,1983,1347
AFG,1984,1337
AFG,1985,1304
AFG,1986,1344
AFG,1987,1211
AFG,1988,1101
AFG,1989,999
AFG,1990,963
AFG,1991,881.1704385887347
AFG,1992,843.8753488998832
AFG,1993,578.4027440310482
AFG,1994,428.4245582895427
AFG,1995,632.9403962619846
AFG,1996,600.175264462535
AFG,1997,570.5981189558812
AFG,1998,545.0387526687088
AFG,1999,518.6578667328783
AFG,2000,502.3727455986333
AFG,2001,489.68199690749356
AFG,2002,796.8165632460033
AFG,2003,842.8051654796586
AFG,2004,869.0392727868127
AFG,2005,964.4081099472999
AFG,2006,1057.0965509287612
AFG,2007,1259.9967427573688
AFG,2008,1319.6073672855257
AFG,2009,1557.3206365722815
AFG,2010,1627.671634100663
AFG,2011,1792
AFG,2012,1945
AFG,2013,2025
AFG,2014,2022
AFG,2015,1928
AFG,2016,1931.2438124834036
AFG,2017,1909.7330149329885
AFG,2018,1888.8139278100407
AFG,2019,2031.7373493078433
AFG,2020,1928.4546828441275
AFG,2021,1485.5470063081561
AFG,2022,1357.9878225212838
AGO,1960,1997
AGO,1961,2225
AGO,1962,2128
AGO,1963,2200
AGO,1964,2407
AGO,1965,2544
AGO,1966,2646
AGO,1967,2753
AGO,1968,2665
AGO,1969,2695
AGO,1970,2818
AGO,1971,2754
AGO,1972,2729
AGO,1973,2852
AGO,1974,2727
AGO,1975,1710
AGO,1976,1521
AGO,1977,1500
AGO,1978,1530
AGO,1979,1527
AGO,1980,1532
AGO,1981,1471
AGO,1982,1374
AGO,1983,1288
AGO,1984,1259
AGO,1985,1242
AGO,1986,1106
AGO,1987,1211
AGO,1988,1360
AGO,1989,1360
AGO,1990,1384
AGO,1991,1437.1472449740334
AGO,1992,1389.3294866999718
AGO,1993,1080.4806439203319
AGO,1994,1120.8481500960654
AGO,1995,1319.158949903447
AGO,1996,1533.9839313399602
AGO,1997,1687.317788312541
AGO,1998,1811.1681411006946
AGO,1999,1899.415206073724
AGO,2000,2013.6362295189435
AGO,2001,2162.4850193097
AGO,2002,2522.6718607988428
AGO,2003,2711.9283105741374
AGO,2004,3064.2986504347236
AGO,2005,3708.7705819422213
AGO,2006,4592.337305661669
AGO,2007,5773.548289088469
AGO,2008,6743.748195802765
AGO,2009,7087.604112584768
AGO,2010,7520.665769678626
AGO,2011,8016
AGO,2012,8376.94607723474
AGO,2013,8463.941947082867
AGO,2014,8548.292822031946
AGO,2015,8319.567355048026
AGO,2016,7819.147303059392
AGO,2017,7535.612410800351
AGO,2018,7180.355234634125
AGO,2019,6886.954136020846
AGO,2020,6279.929084992991
AGO,2021,6137.003844650216
AGO,2022,6118.904896629408
ALB,1960,2313
ALB,1961,2332
ALB,1962,2409
ALB,1963,2491
ALB,1964,2576
ALB,1965,2670
ALB,1966,2770
ALB,1967,2876
ALB,1968,2979
ALB,1969,3080
ALB,1970,3194
ALB,1971,3322
ALB,1972,3451
ALB,1973,3623
ALB,1974,3637
ALB,1975,3649
ALB,1976,3665
ALB,1977,3681
ALB,1978,3696
ALB,1979,3716
ALB,1980,3741
ALB,1981,3762
ALB,1982,3783
ALB,1983,3805
ALB,1984,3826
ALB,1985,3846
ALB,1986,3870
ALB,1987,3894
ALB,1988,3920
ALB,1989,3948
ALB,1990,3983
ALB,1991,2942.100598313453
ALB,1992,2841.7651646645454
ALB,1993,3137.0239335031047
ALB,1994,3399.710182724317
ALB,1995,3666.6505691400903
ALB,1996,3965.6853153191687
ALB,1997,3526.985640715551
ALB,1998,3873.373152052455
ALB,1999,4432.042637455317
ALB,2000,4808.479614813517
ALB,2001,5285.8090964349885
ALB,2002,5608.962344601074
ALB,2003,6004.645238992147
ALB,2004,6419.870395724982
ALB,2005,6858.467047357238
ALB,2006,7347.330123046253
ALB,2007,7866.157747150179
ALB,2008,8522.129841288606
ALB,2009,8859.47159720472
ALB,2010,9222.972752077756
ALB,2011,9484
ALB,2012,9634.33370462354
ALB,2013,9748.72726226394
ALB,2014,9942.276115372832
ALB,2015,10192.529179769423
ALB,2016,10547.255209677502
ALB,2017,10958.306302701956
ALB,2018,11426.92010466293
ALB,2019,11715.30631847037
ALB,2020,11372.54142130636
ALB,2021,12455.916553679139
ALB,2022,12978.100729433238
ARE,1960,35758
ARE,1961,36949
ARE,1962,38654
ARE,1963,39889
ARE,1964,40927
ARE,1965,41705
ARE,1966,42213
ARE,1967,42416
ARE,1968,42040
ARE,1969,40639
ARE,1970,39135
ARE,1971,39540
ARE,1972,39540
ARE,1973,39669
ARE,1974,45347
ARE,1975,40591
ARE,1976,40803
ARE,1977,41915
ARE,1978,35936
ARE,1979,39534
ARE,1980,44168
ARE,1981,42456
ARE,1982,36635
ARE,1983,32737
ARE,1984,32135
ARE,1985,29562
ARE,1986,21949
ARE,1987,21487
ARE,1988,20215
ARE,1989,21072
ARE,1990,22254
ARE,1991,NA
ARE,1992,NA
ARE,1993,25558.756425031963
ARE,1994,28334.582020910093
ARE,1995,31239.91710043245
ARE,1996,34042.74127285471
ARE,1997,38168.4666465487
ARE,1998,39667.794786420614
ARE,1999,42372.43926258263
ARE,2000,48888.03214746027
ARE,2001,51263.37656760322
ARE,2002,54077.466856988634
ARE,2003,59823.267258640735
ARE,2004,64925.67142036073
ARE,2005,65599.05791372634
ARE,2006,67830.92617117109
ARE,2007,65412.80102471114
ARE,2008,63862.08484077144
ARE,2009,58860.53593328092
ARE,2010,60112.401929710366
ARE,2011,65307
ARE,2012,66006.99739382941
ARE,2013,66825.30350523994
ARE,2014,67791.38692844106
ARE,2015,71319.60611268003
ARE,2016,74292.95204289131
ARE,2017,73973.29234281687
ARE,2018,74206.48493843887
ARE,2019,74396.14386267077
ARE,2020,70188.27272782834
ARE,2021,72460.0406882181
ARE,2022,77203.67024077299
ARG,1960,8861
ARG,1961,9344
ARG,1962,9049
ARG,1963,8695
ARG,1964,9446
ARG,1965,10155
ARG,1966,10076
ARG,1967,10200
ARG,1968,10485
ARG,1969,11217
ARG,1970,11639
ARG,1971,12003
ARG,1972,12170
ARG,1973,12691
ARG,1974,13284
ARG,1975,12946
ARG,1976,12696
ARG,1977,13236
ARG,1978,12444
ARG,1979,13114
ARG,1980,13080
ARG,1981,12125
ARG,1982,11550
ARG,1983,11775
ARG,1984,11837
ARG,1985,10895
ARG,1986,11515
ARG,1987,11633
ARG,1988,11244
ARG,1989,10393
ARG,1990,10254
ARG,1991,11223.984636540246
ARG,1992,12267.083586781191
ARG,1993,12926.794665217649
ARG,1994,13571.379431200985
ARG,1995,13086.036451554311
ARG,1996,13715.226818707739
ARG,1997,14722.645940036533
ARG,1998,15185.958688486142
ARG,1999,14577.832273029322
ARG,2000,14368.942737362304
ARG,2001,13651.98098793502
ARG,2002,12094.7728377935
ARG,2003,13088.565010832575
ARG,2004,14183.225137776999
ARG,2005,15344.157134056737
ARG,2006,16490.47358157608
ARG,2007,17891.943410848908
ARG,2008,18520.30408357946
ARG,2009,17328.975752420036
ARG,2010,18979.99170299205
ARG,2011,20003
ARG,2012,19573.963185451754
ARG,2013,19821.64247991229
ARG,2014,19112.23290002307
ARG,2015,19423.666977703655
ARG,2016,18819.642886952533
ARG,2017,19150.520483421602
ARG,2018,18460.86900858157
ARG,2019,17912.635765177303
ARG,2020,15975.838772553547
ARG,2021,17470.682415187282
ARG,2022,18292.31782465981
ARM,1960,NA
ARM,1961,NA
ARM,1962,NA
ARM,1963,NA
ARM,1964,NA
ARM,1965,NA
ARM,1966,NA
ARM,1967,NA
ARM,1968,NA
ARM,1969,NA
ARM,1970,NA
ARM,1971,NA
ARM,1972,NA
ARM,1973,9806
ARM,1974,NA
ARM,1975,NA
ARM,1976,NA
ARM,1977,NA
ARM,1978,NA
ARM,1979,NA
ARM,1980,9291
ARM,1981,9548
ARM,1982,9809
ARM,1983,9865
ARM,1984,10181
ARM,1985,10485
ARM,1986,10394
ARM,1987,9789
ARM,1988,9301
ARM,1989,10525
ARM,1990,9669
ARM,1991,8141.671123568718
ARM,1992,4699.61095270265
ARM,1993,4130.1472172755
ARM,1994,4392.979876584909
ARM,1995,4703.130733517876
ARM,1996,4811.489547018747
ARM,1997,4836.044220565851
ARM,1998,4994.053039773923
ARM,1999,5000.452449359477
ARM,2000,5139.825500062924
ARM,2001,5457.510062027403
ARM,2002,6082.14618880966
ARM,2003,6743.240978250471
ARM,2004,7229.648226319801
ARM,2005,8006.960425531473
ARM,2006,8798.750189147131
ARM,2007,9713.21328027296
ARM,2008,10080.81283336882
ARM,2009,8399.086872960954
ARM,2010,8330.81117545937
ARM,2011,8465
ARM,2012,9076.433081469568
ARM,2013,9395.086636007347
ARM,2014,9745.1355872305885
ARM,2015,10076.35190972202
ARM,2016,10113.050506422302
ARM,2017,10894.956738487193
ARM,2018,11490.36868672189
ARM,2019,12399.231837035535
ARM,2020,11546.175309736025
ARM,2021,12242.47747221923
ARM,2022,13837.577589310598
AUS,1960,14013
AUS,1961,13793
AUS,1962,14389
AUS,1963,14983
AUS,1964,15699
AUS,1965,16182
AUS,1966,16324
AUS,1967,17108
AUS,1968,17770
AUS,1969,18428
AUS,1970,19166
AUS,1971,19590
AUS,1972,19772
AUS,1973,20527
AUS,1974,20698
AUS,1975,20993
AUS,1976,21613
AUS,1977,21592
AUS,1978,21948
AUS,1979,22826
AUS,1980,22972
AUS,1981,23368
AUS,1982,22972
AUS,1983,22697
AUS,1984,24009
AUS,1985,24927
AUS,1986,25116
AUS,1987,25971
AUS,1988,26702
AUS,1989,27407
AUS,1990,27373
AUS,1991,26861.27495928565
AUS,1992,27560.178277338375
AUS,1993,28622.475758458215
AUS,1994,29844.171324434927
AUS,1995,30690.062439852092
AUS,1996,31740.469747404717
AUS,1997,32857.993780602534
AUS,1998,34337.13943209703
AUS,1999,35551.01950597368
AUS,2000,36603.04499594468
AUS,2001,37275.991248909515
AUS,2002,38567.06548833767
AUS,2003,39523.65519744592
AUS,2004,40887.72533639703
AUS,2005,41904.44587071131
AUS,2006,42650.98593084963
AUS,2007,44033.58376177127
AUS,2008,44421.64047072811
AUS,2009,44686.54138346301
AUS,2010,45400.22339879672
AUS,2011,46132
AUS,2012,47045.129467942694
AUS,2013,47260.95483154365
AUS,2014,47753.84577656612
AUS,2015,48145.53099929047
AUS,2016,48675.135328357836
AUS,2017,49001.900439710065
AUS,2018,49614.385976276884
AUS,2019,49814.66995597035
AUS,2020,48268.94507651192
AUS,2021,50704.93485344902
AUS,2022,52049.427952178994
AUT,1960,10391
AUT,1961,10882
AUT,1962,11078
AUT,1963,11454
AUT,1964,12062
AUT,1965,12328
AUT,1966,12930
AUT,1967,13225
AUT,1968,13742
AUT,1969,14555
AUT,1970,15537
AUT,1971,16259
AUT,1972,17169
AUT,1973,17908
AUT,1974,18583
AUT,1975,18564
AUT,1976,19448
AUT,1977,20350
AUT,1978,20293
AUT,1979,21436
AUT,1980,21932
AUT,1981,21866
AUT,1982,22254
AUT,1983,22944
AUT,1984,23016
AUT,1985,23514
AUT,1986,24039
AUT,1987,24409
AUT,1988,25112
AUT,1989,26078
AUT,1990,26930
AUT,1991,27689.771273580795
AUT,1992,28072.440346497853
AUT,1993,28101.228637165088
AUT,1994,28780.760389788396
AUT,1995,29621.68192417161
AUT,1996,30413.15669357546
AUT,1997,31173.048774493767
AUT,1998,32376.329513091037
AUT,1999,33608.29654662761
AUT,2000,34796.25948255403
AUT,2001,35272.223953775974
AUT,2002,35823.58737416037
AUT,2003,36063.12048965238
AUT,2004,36957.11224961447
AUT,2005,37642.76215001923
AUT,2006,38866.849338781125
AUT,2007,40305.27430677966
AUT,2008,40964.79335236901
AUT,2009,39463.65695690543
AUT,2010,40288.349293900224
AUT,2011,41446
AUT,2012,41540.94193797778
AUT,2013,41301.94214704149
AUT,2014,41250.50597395657
AUT,2015,41255.71666478465
AUT,2016,41545.49870225668
AUT,2017,42216.919697346675
AUT,2018,43032.21640387139
AUT,2019,43488.66812050347
AUT,2020,40503.0408055729
AUT,2021,42184.696121489615
AUT,2022,43792.856399897166
AZE,1960,NA
AZE,1961,NA
AZE,1962,NA
AZE,1963,NA
AZE,1964,NA
AZE,1965,NA
AZE,1966,NA
AZE,1967,NA
AZE,1968,NA
AZE,1969,NA
AZE,1970,NA
AZE,1971,NA
AZE,1972,NA
AZE,1973,7068
AZE,1974,NA
AZE,1975,NA
AZE,1976,NA
AZE,1977,NA
AZE,1978,NA
AZE,1979,NA
AZE,1980,7165
AZE,1981,7490
AZE,1982,7831
AZE,1983,8010
AZE,1984,8360
AZE,1985,8558
AZE,1986,8663
AZE,1987,8995
AZE,1988,9328
AZE,1989,8421
AZE,1990,7394
AZE,1991,7319.136465234125
AZE,1992,5638.997906821178
AZE,1993,4315.356714259613
AZE,1994,3453.3638218242895
AZE,1995,2999.3190451259916
AZE,1996,3074.2197345703435
AZE,1997,3347.612645669422
AZE,1998,3550.36406585758
AZE,1999,3959.781476924773
AZE,2000,4214.888860748278
AZE,2001,4498.794376997406
AZE,2002,4880.399890089719
AZE,2003,5408.522989622949
AZE,2004,5971.474603100572
AZE,2005,7553.626395956173
AZE,2006,10160.346002499395
AZE,2007,12699.497776711472
AZE,2008,14072.62657724293
AZE,2009,15384.293038791626
AZE,2010,16153.836568386087
AZE,2011,16176
AZE,2012,16364.532216261734
AZE,2013,17146.22348332883
AZE,2014,17451.1004237186
AZE,2015,17463.75738662594
AZE,2016,16770.85049020451
AZE,2017,16647.016593173557
AZE,2018,16753.20969120899
AZE,2019,17029.906373504993
AZE,2020,16189.511046633794
AZE,2021,16971.724514572026
AZE,2022,17682.94019914657
BDI,1960,733
BDI,1961,615
BDI,1962,657
BDI,1963,673
BDI,1964,695
BDI,1965,703
BDI,1966,716
BDI,1967,764
BDI,1968,740
BDI,1969,717
BDI,1970,893
BDI,1971,902
BDI,1972,866
BDI,1973,921
BDI,1974,904
BDI,1975,883
BDI,1976,956
BDI,1977,1020
BDI,1978,1042
BDI,1979,1011
BDI,1980,952
BDI,1981,1014
BDI,1982,985
BDI,1983,991
BDI,1984,968
BDI,1985,1057
BDI,1986,1078
BDI,1987,1095
BDI,1988,1119
BDI,1989,1111
BDI,1990,1124
BDI,1991,1149.7976162526245
BDI,1992,1128.3474181200982
BDI,1993,1075.61540247435
BDI,1994,1057.641368768207
BDI,1995,934.2030527012049
BDI,1996,824.5115934290852
BDI,1997,800.2720178455298
BDI,1998,808.3240934671277
BDI,1999,772.3171699988276
BDI,2000,739.7609163408081
BDI,2001,730.4278155325185
BDI,2002,737.2860250789121
BDI,2003,703.5615336749859
BDI,2004,709.7372126795278
BDI,2005,691.619745779627
BDI,2006,703.3609864382432
BDI,2007,700.9587235336076
BDI,2008,708.6785900445112
BDI,2009,709.0325962292508
BDI,2010,717.6115064587852
BDI,2011,719
BDI,2012,727
BDI,2013,738
BDI,2014,748
BDI,2015,694
BDI,2016,704.6350269200744
BDI,2017,715.0945372986091
BDI,2018,730.9045976805135
BDI,2019,738.9830779492221
BDI,2020,720.4459743972841
BDI,2021,723.1920741092595
BDI,2022,717.2284287075476
BEL,1960,11081
BEL,1961,11561
BEL,1962,12087
BEL,1963,12532
BEL,1964,13295
BEL,1965,13643
BEL,1966,13989
BEL,1967,14461
BEL,1968,15009
BEL,1969,15969
BEL,1970,16914
BEL,1971,17486
BEL,1972,18336
BEL,1973,19399
BEL,1974,20153
BEL,1975,19831
BEL,1976,20916
BEL,1977,21025
BEL,1978,21605
BEL,1979,22094
BEL,1980,23060
BEL,1981,22760
BEL,1982,23071
BEL,1983,23071
BEL,1984,23644
BEL,1985,23873
BEL,1986,24221
BEL,1987,24772
BEL,1988,25905
BEL,1989,26690
BEL,1990,27412
BEL,1991,27848.304164473633
BEL,1992,28199.57377624236
BEL,1993,27857.249440123524
BEL,1994,28706.500573956673
BEL,1995,29370.087081695692
BEL,1996,29820.299488270775
BEL,1997,30894.28279758947
BEL,1998,31480.74344858214
BEL,1999,32571.67449971978
BEL,2000,33719.76983855418
BEL,2001,33923.34204475072
BEL,2002,34419.693751854655
BEL,2003,34588.476021026705
BEL,2004,35740.35246260941
BEL,2005,36338.38311504945
BEL,2006,37051.902245853424
BEL,2007,38082.87333574846
BEL,2008,38117.34841552228
BEL,2009,36998.64926229877
BEL,2010,37739.327492898185
BEL,2011,38130
BEL,2012,38173.23391642716
BEL,2013,38169.830165153755
BEL,2014,38599.42407791561
BEL,2015,39160.32302813663
BEL,2016,39456.86337267277
BEL,2017,39940.823394286126
BEL,2018,40471.914597792296
BEL,2019,41155.526780402
BEL,2020,38763.44257492726
BEL,2021,40970.805783304124
BEL,2022,41872.39284922108
BEN,1960,1468
BEN,1961,1482
BEN,1962,1400
BEN,1963,1430
BEN,1964,1492
BEN,1965,1532
BEN,1966,1549
BEN,1967,1525
BEN,1968,1545
BEN,1969,1551
BEN,1970,1543
BEN,1971,1535
BEN,1972,1640
BEN,1973,1666
BEN,1974,1733
BEN,1975,1570
BEN,1976,1548
BEN,1977,1570
BEN,1978,1519
BEN,1979,1594
BEN,1980,1691
BEN,1981,1733
BEN,1982,1862
BEN,1983,1728
BEN,1984,1809
BEN,1985,1886
BEN,1986,1867
BEN,1987,1782
BEN,1988,1780
BEN,1989,1715
BEN,1990,1811
BEN,1991,1812.4214692423927
BEN,1992,1790.5300658099543
BEN,1993,1791.963217413003
BEN,1994,1731.8034170712542
BEN,1995,1835.574590644367
BEN,1996,1840.4858440770583
BEN,1997,1867.6058933198424
BEN,1998,1862.755734870101
BEN,1999,1881.6971786275503
BEN,2000,1908.9366209261182
BEN,2001,1928.0966305352738
BEN,2002,1934.3967492016125
BEN,2003,1919.615102673918
BEN,2004,1923.719295390708
BEN,2005,1875.9193239365795
BEN,2006,1870.5325006773598
BEN,2007,1904.5495815675115
BEN,2008,1920.3060557800882
BEN,2009,1888.7757792278874
BEN,2010,1854.6655707280884
BEN,2011,1836
BEN,2012,1867
BEN,2013,1939
BEN,2014,2008
BEN,2015,2055
BEN,2016,2061.9035813843857
BEN,2017,2115.586819735045
BEN,2018,2192.261006100744
BEN,2019,2276.103867963354
BEN,2020,2297.769732867594
BEN,2021,2395.166213335109
BEN,2022,2477.090227847233
BFA,1960,971
BFA,1961,1004
BFA,1962,1060
BFA,1963,1039
BFA,1964,1055
BFA,1965,1087
BFA,1966,1082
BFA,1967,1165
BFA,1968,1189
BFA,1969,1199
BFA,1970,1188
BFA,1971,1219
BFA,1972,1253
BFA,1973,1172
BFA,1974,1132
BFA,1975,1068
BFA,1976,1039
BFA,1977,1090
BFA,1978,1189
BFA,1979,1173
BFA,1980,1165
BFA,1981,1186
BFA,1982,1183
BFA,1983,1140
BFA,1984,1129
BFA,1985,1243
BFA,1986,1400
BFA,1987,1336
BFA,1988,1403
BFA,1989,1342
BFA,1990,1286
BFA,1991,1331.2303122712003
BFA,1992,1264.9919818312696
BFA,1993,1240.1421651241892
BFA,1994,1189.1213235421612
BFA,1995,1191.3073618922276
BFA,1996,1255.7749222331158
BFA,1997,1268.2632022470239
BFA,1998,1293.5734035475664
BFA,1999,1318.719761313887
BFA,2000,1275.481908179445
BFA,2001,1283.3821812485476
BFA,2002,1255.5570908786879
BFA,2003,1277.5808607676336
BFA,2004,1268.6866270397757
BFA,2005,1309.9836441120772
BFA,2006,1322.6371966277084
BFA,2007,1308.5203168313224
BFA,2008,1315.453716068977
BFA,2009,1287.3678283724919
BFA,2010,1326.1975172646494
BFA,2011,1344
BFA,2012,1387.617055381043
BFA,2013,1424.2131997801678
BFA,2014,1443.2962589266474
BFA,2015,1456.9302901374822
BFA,2016,1500.0235020185057
BFA,2017,1548.4810122146737
BFA,2018,1605.358822499288
BFA,2019,1651.1173258771164
BFA,2020,1638.8278864191693
BFA,2021,1706.963253766437
BFA,2022,1704.9658849384389
BGD,1960,869
BGD,1961,899
BGD,1962,877
BGD,1963,947
BGD,1964,939
BGD,1965,969
BGD,1966,963
BGD,1967,921
BGD,1968,987
BGD,1969,980
BGD,1970,1004
BGD,1971,934
BGD,1972,807
BGD,1973,792
BGD,1974,872
BGD,1975,843
BGD,1976,862
BGD,1977,843
BGD,1978,878
BGD,1979,894
BGD,1980,875
BGD,1981,878
BGD,1982,869
BGD,1983,891
BGD,1984,918
BGD,1985,925
BGD,1986,944
BGD,1987,960
BGD,1988,964
BGD,1989,966
BGD,1990,1006
BGD,1991,1031.429949157621
BGD,1992,1062.4603996336396
BGD,1993,1095.65638403607
BGD,1994,1136.4184653484454
BGD,1995,1182.951400412447
BGD,1996,1234.0840637944411
BGD,1997,1291.512569507904
BGD,1998,1348.1499270396002
BGD,1999,1412.9813212476863
BGD,2000,1485.3092204579693
BGD,2001,1551.196476715421
BGD,2002,1621.2669713879343
BGD,2003,1710.7313512497274
BGD,2004,1812.624661427313
BGD,2005,1925.6061696222878
BGD,2006,2057.698392171004
BGD,2007,2194.4223378870124
BGD,2008,2321.050458754316
BGD,2009,2448.8868784386295
BGD,2010,2599.2083634666005
BGD,2011,2772
BGD,2012,2914.048779489979
BGD,2013,3057.4698265978836
BGD,2014,3216.8923341097284
BGD,2015,3402.3213512440807
BGD,2016,3598.510338838519
BGD,2017,3808.872854306307
BGD,2018,4056.6465158311466
BGD,2019,4242.751699683921
BGD,2020,4418.9642546993055
BGD,2021,4684.003010247773
BGD,2022,4925.721185547546
BGR,1960,4642
BGR,1961,4897
BGR,1962,5252
BGR,1963,5448
BGR,1964,5829
BGR,1965,6137
BGR,1966,6575
BGR,1967,6886
BGR,1968,6963
BGR,1969,7246
BGR,1970,7608
BGR,1971,7814
BGR,1972,8145
BGR,1973,8423
BGR,1974,8630
BGR,1975,9295
BGR,1976,9535
BGR,1977,9398
BGR,1978,9594
BGR,1979,9954
BGR,1980,9634
BGR,1981,9860
BGR,1982,10154
BGR,1983,9942
BGR,1984,10249
BGR,1985,9924
BGR,1986,10170
BGR,1987,10173
BGR,1988,10098
BGR,1989,9908
BGR,1990,8922
BGR,1991,8319.67292857707
BGR,1992,7846.11595075794
BGR,1993,7959.1636575086
BGR,1994,8212.29648627268
BGR,1995,8566.602745481097
BGR,1996,7901.123625103636
BGR,1997,7927.429113727844
BGR,1998,8322.082003741638
BGR,1999,7921.765283340932
BGR,2000,8410.794977581298
BGR,2001,8832.290564320296
BGR,2002,9471.765661435968
BGR,2003,10080.783023822281
BGR,2004,10853.785153427416
BGR,2005,11758.084065296945
BGR,2006,12706.18160283958
BGR,2007,13785.227603269834
BGR,2008,14761.714726754342
BGR,2009,14363.25842683027
BGR,2010,14686.46106311002
BGR,2011,15112
BGR,2012,15314.524722925016
BGR,2013,15314.154750552516
BGR,2014,15550.345646997524
BGR,2015,16186.40946316018
BGR,2016,16795.82328500534
BGR,2017,17386.270794902262
BGR,2018,17982.423293048745
BGR,2019,18840.76273269419
BGR,2020,18203.832972092798
BGR,2021,19753.9944646969
BGR,2022,20592.455194814112
BHR,1960,4532
BHR,1961,4594
BHR,1962,4672
BHR,1963,4772
BHR,1964,4898
BHR,1965,5058
BHR,1966,5233
BHR,1967,5423
BHR,1968,5611
BHR,1969,5812
BHR,1970,6038
BHR,1971,6349
BHR,1972,6692
BHR,1973,6975
BHR,1974,7291
BHR,1975,6252
BHR,1976,6875
BHR,1977,7084
BHR,1978,7037
BHR,1979,6730
BHR,1980,6994
BHR,1981,6875
BHR,1982,7036
BHR,1983,7240
BHR,1984,7264
BHR,1985,6972
BHR,1986,6880
BHR,1987,6786
BHR,1988,6802
BHR,1989,6751
BHR,1990,6542
BHR,1991,7059.956872278351
BHR,1992,7993.892756332573
BHR,1993,9102.066123852352
BHR,1994,9935.003930290826
BHR,1995,10695.392433585437
BHR,1996,11640.821353114172
BHR,1997,12528.389518937362
BHR,1998,13776.008281637318
BHR,1999,15263.757491334565
BHR,2000,17021.722379400082
BHR,2001,18152.962657798398
BHR,2002,19487.841231923445
BHR,2003,21391.61192554835
BHR,2004,23389.602406732047
BHR,2005,25230.900052167748
BHR,2006,26840.12427010602
BHR,2007,28884.697367103305
BHR,2008,30612.497813355865
BHR,2009,31729.566318699268
BHR,2010,34057.71322744991
BHR,2011,36372
BHR,2012,36711.391662135604
BHR,2013,37704.2118257463
BHR,2014,38364.829470910976
BHR,2015,38369.65989222884
BHR,2016,38805.39065484862
BHR,2017,39553.23971113629
BHR,2018,39501.17592248429
BHR,2019,39499.70707668937
BHR,2020,36890.502952537754
BHR,2021,37323.10392430031
BHR,2022,38651.60104817371
BIH,1960,2871
BIH,1961,2925
BIH,1962,2868
BIH,1963,3174
BIH,1964,3469
BIH,1965,3569
BIH,1966,3810
BIH,1967,3724
BIH,1968,3849
BIH,1969,4132
BIH,1970,4251
BIH,1971,4490
BIH,1972,4661
BIH,1973,4801
BIH,1974,5112
BIH,1975,5247
BIH,1976,5268
BIH,1977,5647
BIH,1978,5977
BIH,1979,6376
BIH,1980,6588
BIH,1981,6762
BIH,1982,6841
BIH,1983,6773
BIH,1984,6843
BIH,1985,6875
BIH,1986,7066
BIH,1987,6886
BIH,1988,6668
BIH,1989,6711
BIH,1990,5893
BIH,1991,5128.93944742336
BIH,1992,3830.2190609441823
BIH,1993,2831.039309133507
BIH,1994,3017.0010565547486
BIH,1995,3237.3074262945097
BIH,1996,4915.325055897521
BIH,1997,5913.08121295309
BIH,1998,6589.637196947814
BIH,1999,7025.973234938385
BIH,2000,7082.035272194738
BIH,2001,7129.386780241823
BIH,2002,7391.592166270746
BIH,2003,7551.408080415123
BIH,2004,7857.378286374016
BIH,2005,8057.682825132652
BIH,2006,8410.801004629648
BIH,2007,8811.8612403594
BIH,2008,9199.261679607165
BIH,2009,9018.506245925153
BIH,2010,8982.45785298652
BIH,2011,8961
BIH,2012,8894.931401415526
BIH,2013,9113.055029976384
BIH,2014,9228.81794432688
BIH,2015,9639.477649043472
BIH,2016,9966.365920485969
BIH,2017,10305.932335305108
BIH,2018,10718.777861221988
BIH,2019,11048.235446717918
BIH,2020,10736.168312228834
BIH,2021,11553.760708649706
BIH,2022,12142.863201077287
BLR,1960,NA
BLR,1961,NA
BLR,1962,NA
BLR,1963,NA
BLR,1964,NA
BLR,1965,NA
BLR,1966,NA
BLR,1967,NA
BLR,1968,NA
BLR,1969,NA
BLR,1970,NA
BLR,1971,NA
BLR,1972,NA
BLR,1973,8341
BLR,1974,NA
BLR,1975,NA
BLR,1976,NA
BLR,1977,NA
BLR,1978,NA
BLR,1979,NA
BLR,1980,9487
BLR,1981,9844
BLR,1982,10217
BLR,1983,10667
BLR,1984,10957
BLR,1985,11000
BLR,1986,11230
BLR,1987,11297
BLR,1988,11198
BLR,1989,11893
BLR,1990,11467
BLR,1991,11170.761076510915
BLR,1992,9960.843147824904
BLR,1993,9077.439997808402
BLR,1994,7932.001039288072
BLR,1995,6993.622120912842
BLR,1996,7128.354653886732
BLR,1997,7885.01962037309
BLR,1998,8481.967108913179
BLR,1999,8689.713251926989
BLR,2000,9110.979461261824
BLR,2001,9462.373906917526
BLR,2002,9870.308515825362
BLR,2003,10492.987004400124
BLR,2004,11615.685585132174
BLR,2005,12629.558047952214
BLR,2006,13792.553571309354
BLR,2007,14856.955773777863
BLR,2008,16223.996807883905
BLR,2009,16088.725028100594
BLR,2010,17172.460341933234
BLR,2011,17918
BLR,2012,18245.00752051267
BLR,2013,18456.410667499407
BLR,2014,18805.178759987022
BLR,2015,18122.864046120045
BLR,2016,17701.959316898497
BLR,2017,18193.273100172584
BLR,2018,18809.49500085152
BLR,2019,19130.393987789008
BLR,2020,19053.15702050917
BLR,2021,19541.914363354965
BLR,2022,18699.798236612733
BOL,1960,2560
BOL,1961,2555
BOL,1962,2636
BOL,1963,2742
BOL,1964,2809
BOL,1965,2879
BOL,1966,3014
BOL,1967,3127
BOL,1968,3314
BOL,1969,3379
BOL,1970,3469
BOL,1971,3513
BOL,1972,3602
BOL,1973,3757
BOL,1974,3854
BOL,1975,4010
BOL,1976,4219
BOL,1977,4289
BOL,1978,4328
BOL,1979,4227
BOL,1980,4100
BOL,1981,4060
BOL,1982,3816
BOL,1983,3585
BOL,1984,3561
BOL,1985,3476
BOL,1986,3306
BOL,1987,3330
BOL,1988,3386
BOL,1989,3408
BOL,1990,3502
BOL,1991,3610.05176589269
BOL,1992,3592.136728477069
BOL,1993,3670.2744123593734
BOL,1994,3765.169484651678
BOL,1995,3865.437890859615
BOL,1996,3959.445248904976
BOL,1997,4079.537865918379
BOL,1998,4205.694130849294
BOL,1999,4146.470466698207
BOL,2000,4173.5494556271815
BOL,2001,4166.491663823036
BOL,2002,4193.754879231691
BOL,2003,4230.372476124638
BOL,2004,4330.555773329363
BOL,2005,4445.347739995699
BOL,2006,4581.902166317692
BOL,2007,4713.4483939791435
BOL,2008,4924.032322864974
BOL,2009,5011.33827045302
BOL,2010,5141.758880655595
BOL,2011,5331
BOL,2012,5503.90836808894
BOL,2013,5775.751435644671
BOL,2014,5988.277547315212
BOL,2015,6176.26705563787
BOL,2016,6337.798612927752
BOL,2017,6503.38722488086
BOL,2018,6679.438373851693
BOL,2019,6730.809061873835
BOL,2020,6062.06482775822
BOL,2021,6355.615210539723
BOL,2022,6481.39044234345
BRA,1960,3398
BRA,1961,3585
BRA,1962,3711
BRA,1963,3623
BRA,1964,3637
BRA,1965,3617
BRA,1966,3747
BRA,1967,3795
BRA,1968,4050
BRA,1969,4313
BRA,1970,4635
BRA,1971,5024
BRA,1972,5480
BRA,1973,6086
BRA,1974,6416
BRA,1975,6582
BRA,1976,7079
BRA,1977,7248
BRA,1978,7425
BRA,1979,7736
BRA,1980,8249
BRA,1981,7709
BRA,1982,7587
BRA,1983,7203
BRA,1984,7438
BRA,1985,7862
BRA,1986,8281
BRA,1987,8402
BRA,1988,8230
BRA,1989,8333
BRA,1990,7842
BRA,1991,7888.048527824129
BRA,1992,7812.794255396262
BRA,1993,8166.235562539795
BRA,1994,8615.688661235072
BRA,1995,8951.694356675776
BRA,1996,9124.516069039399
BRA,1997,9409.946484829306
BRA,1998,9419.107907290403
BRA,1999,9441.758898994258
BRA,2000,9834.424436663196
BRA,2001,9953.30948413253
BRA,2002,10245.068917282939
BRA,2003,10354.595358498154
BRA,2004,10949.660119887378
BRA,2005,11305.771724073142
BRA,2006,11766.605732758886
BRA,2007,12500.006368400022
BRA,2008,13164.01134257424
BRA,2009,13180.890928022674
BRA,2010,14215.61258144751
BRA,2011,14831
BRA,2012,14985.498339853082
BRA,2013,15305.414025936685
BRA,2014,15251.889609739119
BRA,2015,14583.981967466183
BRA,2016,13990.646772827104
BRA,2017,14062.749639064205
BRA,2018,14197.549718513385
BRA,2019,14257.871306763853
BRA,2020,13685.925743510985
BRA,2021,14292.935059037914
BRA,2022,14640.076122577277
BRB,1960,5316
BRB,1961,5683
BRB,1962,5923
BRB,1963,6033
BRB,1964,6355
BRB,1965,6468
BRB,1966,6873
BRB,1967,7492
BRB,1968,8429
BRB,1969,9247
BRB,1970,10197
BRB,1971,10514
BRB,1972,10567
BRB,1973,10635
BRB,1974,10080
BRB,1975,9825
BRB,1976,10222
BRB,1977,10541
BRB,1978,11014
BRB,1979,11837
BRB,1980,12318
BRB,1981,12065
BRB,1982,11424
BRB,1983,11419
BRB,1984,11772
BRB,1985,11848
BRB,1986,12404
BRB,1987,12683
BRB,1988,13087
BRB,1989,13498
BRB,1990,12994
BRB,1991,12298.506043316776
BRB,1992,11427.266535386669
BRB,1993,11343.597356449796
BRB,1994,11405.559831534867
BRB,1995,11473.859014208198
BRB,1996,11760.82543058844
BRB,1997,12124.508840340635
BRB,1998,12384.761673771563
BRB,1999,12237.948549252023
BRB,2000,12600.02258991168
BRB,2001,12112.181084984173
BRB,2002,12025.473265975561
BRB,2003,12094.819238859292
BRB,2004,12078.735444927359
BRB,2005,12379.450180872047
BRB,2006,12889.87670111237
BRB,2007,12917.438978136508
BRB,2008,12786.107370240148
BRB,2009,12094.323952832177
BRB,2010,11954.32197476552
BRB,2011,11870
BRB,2012,11860
BRB,2013,11809
BRB,2014,11780
BRB,2015,11849
BRB,2016,12124.693618121464
BRB,2017,12157.312126680112
BRB,2018,12029.747514768047
BRB,2019,12040.277666500744
BRB,2020,10487.386403230721
BRB,2021,10386.52617137221
BRB,2022,11545.847277090235
BWA,1960,564
BWA,1961,575
BWA,1962,582
BWA,1963,591
BWA,1964,604
BWA,1965,612
BWA,1966,663
BWA,1967,719
BWA,1968,781
BWA,1969,843
BWA,1970,907
BWA,1971,1113
BWA,1972,1361
BWA,1973,1589
BWA,1974,1656
BWA,1975,1712
BWA,1976,1801
BWA,1977,1889
BWA,1978,2005
BWA,1979,2184
BWA,1980,2348
BWA,1981,2528
BWA,1982,2640
BWA,1983,2848
BWA,1984,3124
BWA,1985,3301
BWA,1986,3432
BWA,1987,3601
BWA,1988,3920
BWA,1989,5066
BWA,1990,5267
BWA,1991,5616.011230180464
BWA,1992,5733.630021255006
BWA,1993,5787.114500569631
BWA,1994,5946.427132097851
BWA,1995,6318.476423748566
BWA,1996,6647.767552670595
BWA,1997,7152.147433659421
BWA,1998,7185.2722538997405
BWA,1999,7876.1385178022865
BWA,2000,8044.14204336772
BWA,2001,8082.823833508784
BWA,2002,8604.0670013062645
BWA,2003,9042.519733428748
BWA,2004,9329.509213978536
BWA,2005,9798.087064279385
BWA,2006,10665.679526507864
BWA,2007,11602.068246578401
BWA,2008,12385.149725257235
BWA,2009,11494.756543029303
BWA,2010,12544.727363329708
BWA,2011,13376
BWA,2012,13134.406319556276
BWA,2013,14355.759692061336
BWA,2014,14929.677419847656
BWA,2015,13980.036370330421
BWA,2016,14752.188606549675
BWA,2017,15121.661834310446
BWA,2018,15515.622556302098
BWA,2019,15747.324471006235
BWA,2020,14162.685190820179
BWA,2021,15612.077773651687
BWA,2022,16351.910361085182
CAF,1960,1567
CAF,1961,1597
CAF,1962,1525
CAF,1963,1492
CAF,1964,1486
CAF,1965,1466
CAF,1966,1427
CAF,1967,1452
CAF,1968,1435
CAF,1969,1476
CAF,1970,1508
CAF,1971,1427
CAF,1972,1368
CAF,1973,1403
CAF,1974,1333
CAF,1975,1323
CAF,1976,1345
CAF,1977,1417
CAF,1978,1398
CAF,1979,1326
CAF,1980,1234
CAF,1981,1219
CAF,1982,1208
CAF,1983,1105
CAF,1984,1146
CAF,1985,1148
CAF,1986,1162
CAF,1987,1079
CAF,1988,1073
CAF,1989,1070
CAF,1990,1023
CAF,1991,1006.99580160323
CAF,1992,965.1933763497116
CAF,1993,933.0601746632378
CAF,1994,952.0174177414631
CAF,1995,978.5566147479784
CAF,1996,885.8864005963782
CAF,1997,917.47997639614
CAF,1998,936.2382621382116
CAF,1999,967.8432036294957
CAF,2000,963.9461805550577
CAF,2001,952.5118090677155
CAF,2002,928.7716385131732
CAF,2003,845.5055450884124
CAF,2004,853.1820215903408
CAF,2005,858.5237000174835
CAF,2006,881.4851651169623
CAF,2007,897.4783070138916
CAF,2008,901.8513453751751
CAF,2009,898.7004801806556
CAF,2010,910.3103788607568
CAF,2011,909
CAF,2012,916
CAF,2013,567
CAF,2014,561
CAF,2015,576
CAF,2016,592.9234516186858
CAF,2017,608.2856446716945
CAF,2018,619.1874635098058
CAF,2019,623.5598233502932
CAF,2020,613.7893419743613
CAF,2021,606.8591051512815
CAF,2022,596.3929987333512
CAN,1960,13952
CAN,1961,14080
CAN,1962,14787
CAN,1963,15248
CAN,1964,15938
CAN,1965,16694
CAN,1966,17448
CAN,1967,17658
CAN,1968,18297
CAN,1969,18988
CAN,1970,19207
CAN,1971,20024
CAN,1972,20837
CAN,1973,22058
CAN,1974,22643
CAN,1975,22819
CAN,1976,23754
CAN,1977,24265
CAN,1978,24994
CAN,1979,25775
CAN,1980,25784
CAN,1981,26256
CAN,1982,25151
CAN,1983,25625
CAN,1984,26836
CAN,1985,28025
CAN,1986,28472
CAN,1987,29246
CAN,1988,30275
CAN,1989,30458
CAN,1990,30082
CAN,1991,29151.69684885993
CAN,1992,29141.192329285826
CAN,1993,29657.57435681402
CAN,1994,30745.822846121897
CAN,1995,31330.720086352954
CAN,1996,31594.24180943492
CAN,1997,32709.691602793333
CAN,1998,33785.74631608327
CAN,1999,35345.720956298894
CAN,2000,36942.562294285686
CAN,2001,37307.205933239486
CAN,2002,38123.98642394115
CAN,2003,38559.97590268697
CAN,2004,39491.57003054623
CAN,2005,40485.01924036267
CAN,2006,41247.14929668085
CAN,2007,41806.865205809154
CAN,2008,41896.42558694811
CAN,2009,40312.621651062866
CAN,2010,41209.4261814782
CAN,2011,42197
CAN,2012,42476.34505066868
CAN,2013,43008.83001074117
CAN,2014,43800.63917397715
CAN,2015,43761.52709036398
CAN,2016,43702.07959843087
CAN,2017,44493.65111599596
CAN,2018,45087.886790366465
CAN,2019,45284.213482154024
CAN,2020,42493.630617386254
CAN,2021,44379.594870856665
CAN,2022,45529.64560835027
CHE,1960,16358.359404684225
CHE,1961,17307.56274695578
CHE,1962,17793.97648999769
CHE,1963,18437.83891354983
CHE,1964,19195.446462746044
CHE,1965,19802.51249138296
CHE,1966,20224.538197575424
CHE,1967,20742.252540723617
CHE,1968,21395.386375518945
CHE,1969,22307.67292655504
CHE,1970,23478.991767022973
CHE,1971,24486.9781291002
CHE,1972,25356.910902043855
CHE,1973,26003.71517495672
CHE,1974,25718.27037296807
CHE,1975,24467.99170304896
CHE,1976,24752.90730888385
CHE,1977,25430.567445403256
CHE,1978,26158.800298873663
CHE,1979,26641.094951816107
CHE,1980,27405.730236248284
CHE,1981,27729.584967225976
CHE,1982,27660.948497324916
CHE,1983,28009.329084104094
CHE,1984,28315.0825944092
CHE,1985,29416.752244610027
CHE,1986,30847.994256707087
CHE,1987,31774.37115930647
CHE,1988,32482.9076702734
CHE,1989,33315.58677040572
CHE,1990,34250
CHE,1991,34128.641907102545
CHE,1992,34356.802094625935
CHE,1993,34625.5336467752
CHE,1994,35423.82782842484
CHE,1995,36004.22989374643
CHE,1996,36720.49047276632
CHE,1997,38165.47735261598
CHE,1998,39890.53757516586
CHE,1999,41091.6368773432
CHE,2000,43251.103753602714
CHE,2001,44398.63878146871
CHE,2002,44934.31674605356
CHE,2003,45441.599280362556
CHE,2004,47263.59672625452
CHE,2005,49273.90235938695
CHE,2006,51862.96477059079
CHE,2007,54509.539659857444
CHE,2008,56054.8838155727
CHE,2009,55171.50070768471
CHE,2010,57219.49831206226
CHE,2011,58686
CHE,2012,58750.93843338053
CHE,2013,59120.06144481311
CHE,2014,59775.53927219261
CHE,2015,60070.86539299293
CHE,2016,60647.64025932316
CHE,2017,60903.22121100031
CHE,2018,62185.47798901128
CHE,2019,62448.5993632049
CHE,2020,60521.26266021757
CHE,2021,62595.310039377604
CHE,2022,63323.25280180889
CHL,1960,6781
CHL,1961,6923
CHL,1962,7071
CHL,1963,7336
CHL,1964,7320
CHL,1965,7208
CHL,1966,7844
CHL,1967,7933
CHL,1968,8053
CHL,1969,8187
CHL,1970,8195
CHL,1971,8773
CHL,1972,8520
CHL,1973,7911
CHL,1974,7857
CHL,1975,6731
CHL,1976,6868
CHL,1977,7438
CHL,1978,7936
CHL,1979,8475
CHL,1980,9024
CHL,1981,9427
CHL,1982,8016
CHL,1983,7667
CHL,1984,7992
CHL,1985,8024
CHL,1986,8325
CHL,1987,8721
CHL,1988,9199
CHL,1989,10005
CHL,1990,10203
CHL,1991,10746.491564155878
CHL,1992,11773.30070914546
CHL,1993,12296.925646305868
CHL,1994,12692.551132186198
CHL,1995,13715.932995478925
CHL,1996,14433.319774238738
CHL,1997,15079.8311950225
CHL,1998,15259.540847553473
CHL,1999,14846.417528318425
CHL,2000,15211.623295604435
CHL,2001,15448.008813317989
CHL,2002,15509.82477517235
CHL,2003,15809.17776845465
CHL,2004,16478.97278670518
CHL,2005,17137.486041466447
CHL,2006,17920.803131219684
CHL,2007,18487.900735147177
CHL,2008,18804.029363329544
CHL,2009,18184.481377662123
CHL,2010,18909.847276205317
CHL,2011,19705
CHL,2012,20690.79623024789
CHL,2013,21171.061311926045
CHL,2014,21337.759460089786
CHL,2015,21574.0177869608
CHL,2016,21715.713791676244
CHL,2017,21709.42713934853
CHL,2018,22175.66501492856
CHL,2019,21924.407579229286
CHL,2020,20205.86869447819
CHL,2021,22324.961433086897
CHL,2022,22740.72142369102
CHN,1960,1057
CHN,1961,874
CHN,1962,926
CHN,1963,1034
CHN,1964,1152
CHN,1965,1253
CHN,1966,1261
CHN,1967,1237
CHN,1968,1178
CHN,1969,1264
CHN,1970,1398
CHN,1971,1446
CHN,1972,1431
CHN,1973,1513
CHN,1974,1519
CHN,1975,1594
CHN,1976,1519
CHN,1977,1583
CHN,1978,1744
CHN,1979,1859
CHN,1980,1930
CHN,1981,1962
CHN,1982,2128
CHN,1983,2227
CHN,1984,2444
CHN,1985,2619
CHN,1986,2748
CHN,1987,2931
CHN,1988,3045
CHN,1989,3022
CHN,1990,2982
CHN,1991,3051.3151251535655
CHN,1992,3227.744141541462
CHN,1993,3506.4800947744798
CHN,1994,3730.164094416436
CHN,1995,3999.729180990004
CHN,1996,4219.644172416151
CHN,1997,4310.828198416168
CHN,1998,4309.847175568261
CHN,1999,4466.736250214565
CHN,2000,4730.354351202304
CHN,2001,4995.144724820601
CHN,2002,5343.112257824781
CHN,2003,5649.4632391271925
CHN,2004,6067.591161370288
CHN,2005,6626.591821130525
CHN,2006,7271.035651970811
CHN,2007,7895.712892697418
CHN,2008,8190.112094505943
CHN,2009,8734.04062380443
CHN,2010,9658.41859928433
CHN,2011,10221
CHN,2012,10946.83397149056
CHN,2013,11731.294597488408
CHN,2014,12515.198304795971
CHN,2015,13325.431748191117
CHN,2016,14138.954637273522
CHN,2017,15030.447422313575
CHN,2018,15977.007798620576
CHN,2019,16879.53970153226
CHN,2020,17225.968276942745
CHN,2021,18666.604569482603
CHN,2022,19238.17878269338
CIV,1960,2002
CIV,1961,2114
CIV,1962,2128
CIV,1963,2378
CIV,1964,2691
CIV,1965,2520
CIV,1966,2595
CIV,1967,2509
CIV,1968,2758
CIV,1969,2737
CIV,1970,2882
CIV,1971,2874
CIV,1972,2887
CIV,1973,2974
CIV,1974,2931
CIV,1975,2812
CIV,1976,3017
CIV,1977,3033
CIV,1978,3202
CIV,1979,3139
CIV,1980,3253
CIV,1981,3242
CIV,1982,3131
CIV,1983,2901
CIV,1984,2703
CIV,1985,2735
CIV,1986,2718
CIV,1987,2579
CIV,1988,2444
CIV,1989,2343
CIV,1990,2083
CIV,1991,2036.2988172831845
CIV,1992,2011.5693546476862
CIV,1993,1983.2335614586175
CIV,1994,1951.5408073289057
CIV,1995,2035.1681626694372
CIV,1996,2179.0357131070136
CIV,1997,2288.8086332209255
CIV,1998,2393.498952102205
CIV,1999,2417.4575450712673
CIV,2000,2352.8563380719256
CIV,2001,2342.8275486775547
CIV,2002,2298.45658483479
CIV,2003,2263.092566697592
CIV,2004,2280.7880489612885
CIV,2005,2312.8426340106744
CIV,2006,2343.9269394541516
CIV,2007,2380.1153940089757
CIV,2008,2435.270518395371
CIV,2009,2508.8221257613322
CIV,2010,2555.0162890729384
CIV,2011,2444
CIV,2012,2648.7743754976227
CIV,2013,2821.876227550647
CIV,2014,2995.150119095287
CIV,2015,3182.1076827529632
CIV,2016,3328.9795027085474
CIV,2017,3450.2200128125105
CIV,2018,3497.8928081418226
CIV,2019,3703.087528638841
CIV,2020,3682.135289488492
CIV,2021,3853.162676998033
CIV,2022,4011.712273194948
CMR,1960,1326
CMR,1961,1321
CMR,1962,1339
CMR,1963,1366
CMR,1964,1390
CMR,1965,1393
CMR,1966,1431
CMR,1967,1443
CMR,1968,1508
CMR,1969,1551
CMR,1970,1565
CMR,1971,1578
CMR,1972,1612
CMR,1973,1599
CMR,1974,1632
CMR,1975,1677
CMR,1976,1664
CMR,1977,1706
CMR,1978,1744
CMR,1979,1785
CMR,1980,1900
CMR,1981,2153
CMR,1982,2257
CMR,1983,2345
CMR,1984,2450
CMR,1985,2585
CMR,1986,2683
CMR,1987,2471
CMR,1988,2287
CMR,1989,2021
CMR,1990,1930
CMR,1991,1833.3544517711455
CMR,1992,1754.2467380350993
CMR,1993,1677.1400261498939
CMR,1994,1615.5972736793544
CMR,1995,1648.6415582778313
CMR,1996,1710.105975302545
CMR,1997,1780.4966966802663
CMR,1998,1847.2189118450954
CMR,1999,1902.2660063357869
CMR,2000,1961.0878622527102
CMR,2001,2028.5473842742197
CMR,2002,2084.9206379621032
CMR,2003,2143.980043224328
CMR,2004,2198.236020142642
CMR,2005,2222.910853393813
CMR,2006,2269.517951969696
CMR,2007,2315.6068767610554
CMR,2008,2352.7994599899716
CMR,2009,2370.130510015936
CMR,2010,2420.132849614199
CMR,2011,2494
CMR,2012,2536.546816995786
CMR,2013,2590.710065452772
CMR,2014,2657.4030077562184
CMR,2015,2718.305430542134
CMR,2016,2758.0290075926746
CMR,2017,2779.5482382746604
CMR,2018,2815.316204314165
CMR,2019,2832.0767416446974
CMR,2020,2769.2867887504317
CMR,2021,2791.7901002835106
CMR,2022,2812.214739145369
COD,1960,1192
COD,1961,1041
COD,1962,1223
COD,1963,1248
COD,1964,1191
COD,1965,1176
COD,1966,1224
COD,1967,1176
COD,1968,1189
COD,1969,1262
COD,1970,1224
COD,1971,1267
COD,1972,1235
COD,1973,1305
COD,1974,1312
COD,1975,1213
COD,1976,1111
COD,1977,1086
COD,1978,993
COD,1979,961
COD,1980,953
COD,1981,950
COD,1982,920
COD,1983,909
COD,1984,932
COD,1985,909
COD,1986,923
COD,1987,918
COD,1988,894
COD,1989,861
COD,1990,813
COD,1991,737.9344900926812
COD,1992,656.6916511561989
COD,1993,563.7109310053497
COD,1994,525.3887174278694
COD,1995,531.9909214959218
COD,1996,523.8680620418716
COD,1997,489.6421647580353
COD,1998,472.9239644753315
COD,1999,452.004421422413
COD,2000,414.04694704809356
COD,2001,403.60189225419964
COD,2002,413.8252127354915
COD,2003,436.0284862543429
COD,2004,463.9969758388444
COD,2005,490.69049400743734
COD,2006,515.2583658529119
COD,2007,546.0367955120435
COD,2008,578.8487210830294
COD,2009,595.0160551219062
COD,2010,637.1298499052183
COD,2011,681
COD,2012,714.7896913111848
COD,2013,756.9059974877464
COD,2014,784.559309315362
COD,2015,806.7694664758218
COD,2016,783.0341445424827
COD,2017,785.1292812160233
COD,2018,796.8924394782723
COD,2019,806.479015430905
COD,2020,794.2714174432007
COD,2021,817.4322286830871
COD,2022,844.1719774649216
COG,1960,1999
COG,1961,2020
COG,1962,2039
COG,1963,2059
COG,1964,2079
COG,1965,2099
COG,1966,2157
COG,1967,2216
COG,1968,2275
COG,1969,2335
COG,1970,2396
COG,1971,2546
COG,1972,2582
COG,1973,2950
COG,1974,2848
COG,1975,2745
COG,1976,2794
COG,1977,2517
COG,1978,2595
COG,1979,2807
COG,1980,3075
COG,1981,3625
COG,1982,4355
COG,1983,4473
COG,1984,4664
COG,1985,4484
COG,1986,4058
COG,1987,3953
COG,1988,3908
COG,1989,3865
COG,1990,3794
COG,1991,3862.5743339812216
COG,1992,3940.971729102639
COG,1993,3874.1697846146362
COG,1994,3635.9891702434397
COG,1995,3763.5958011865696
COG,1996,3988.8773046344804
COG,1997,3899.762685426077
COG,1998,4042.7782813495755
COG,1999,3925.686438296262
COG,2000,4159.222737395878
COG,2001,4256.655371170816
COG,2002,4458.634223688346
COG,2003,4467.903964405697
COG,2004,4560.512514183643
COG,2005,4820.707288005168
COG,2006,5016.05763935475
COG,2007,4844.970239602897
COG,2008,5081.13158781301
COG,2009,5379.004176901912
COG,2010,5738.162993098017
COG,2011,5875
COG,2012,6300.049233682046
COG,2013,6140.18659900545
COG,2014,6428.496067039417
COG,2015,6079.457489405721
COG,2016,5315.170143980847
COG,2017,4977.342380273524
COG,2018,4637.726027591177
COG,2019,4583.337145566191
COG,2020,4203.110203911664
COG,2021,4168.024358496841
COG,2022,4187.506998858619
COL,1960,3980
COL,1961,4049
COL,1962,4135
COL,1963,4140
COL,1964,4264
COL,1965,4286
COL,1966,4383
COL,1967,4438
COL,1968,4581
COL,1969,4744
COL,1970,4932
COL,1971,5091
COL,1972,5348
COL,1973,5577
COL,1974,5767
COL,1975,5772
COL,1976,5918
COL,1977,6046
COL,1978,6443
COL,1979,6658
COL,1980,6786
COL,1981,6782
COL,1982,6698
COL,1983,6655
COL,1984,6741
COL,1985,6809
COL,1986,7071
COL,1987,7296
COL,1988,7442
COL,1989,7533
COL,1990,7693
COL,1991,7713.022025638145
COL,1992,7888.105490293178
COL,1993,8180.870530143386
COL,1994,8447.857240159066
COL,1995,8735.883323055887
COL,1996,8770.583203638625
COL,1997,8952.472967538566
COL,1998,8863.261374059754
COL,1999,8382.139863389892
COL,2000,8496.791861442363
COL,2001,8528.03353336023
COL,2002,8630.542429754663
COL,2003,8855.21744466881
COL,2004,9211.279112500377
COL,2005,9524.722706754064
COL,2006,10039.683117326105
COL,2007,10602.304878412586
COL,2008,10846.737686887882
COL,2009,10894.102287540152
COL,2010,11191.68640656952
COL,2011,11788
COL,2012,12129.80917304497
COL,2013,12633.481540068431
COL,2014,12981.56496608596
COL,2015,13237.290998867446
COL,2016,13367.445694441525
COL,2017,13380.642413719188
COL,2018,13485.702556470871
COL,2019,13603.993309076192
COL,2020,12377.134949809795
COL,2021,13553.399428283312
COL,2022,14468.963898271351
COM,1960,679
COM,1961,671
COM,1962,714
COM,1963,846
COM,1964,888
COM,1965,870
COM,1966,937
COM,1967,952
COM,1968,928
COM,1969,918
COM,1970,961
COM,1971,974
COM,1972,966
COM,1973,1006
COM,1974,1004
COM,1975,1038
COM,1976,1009
COM,1977,966
COM,1978,964
COM,1979,1023
COM,1980,1065
COM,1981,1081
COM,1982,1124
COM,1983,1149
COM,1984,1168
COM,1985,1162
COM,1986,1157
COM,1987,1149
COM,1988,1152
COM,1989,1108
COM,1990,1092
COM,1991,1101.0035873777495
COM,1992,1185.5141209147469
COM,1993,1210.6352955664295
COM,1994,1136.7435364022251
COM,1995,1166.9368473129186
COM,1996,1141.6015868511531
COM,1997,1177.5825242030514
COM,1998,1179.8440566653692
COM,1999,1189.2566885002002
COM,2000,1204.4023923591456
COM,2001,1217.4992213772307
COM,2002,1229.855923579943
COM,2003,1240.051336707094
COM,2004,1247.274948374711
COM,2005,1265.686703682588
COM,2006,1388.0026343029185
COM,2007,1382.539089341962
COM,2008,1419.3670960848094
COM,2009,1455.282338335449
COM,2010,1432.5624208792208
COM,2011,1479
COM,2012,1509
COM,2013,1619
COM,2014,1647
COM,2015,1696
COM,2016,1705.7402718094625
COM,2017,1764.7028589171616
COM,2018,1801.691113768483
COM,2019,1832.435694921335
COM,2020,1869.9440308890576
COM,2021,1886.060818175428
COM,2022,1900.3982544914195
CPV,1960,1135
CPV,1961,1173
CPV,1962,1207
CPV,1963,1237
CPV,1964,1262
CPV,1965,1286
CPV,1966,1309
CPV,1967,1328
CPV,1968,1347
CPV,1969,1366
CPV,1970,1385
CPV,1971,1435
CPV,1972,1457
CPV,1973,1470
CPV,1974,1497
CPV,1975,1237
CPV,1976,1251
CPV,1977,1176
CPV,1978,1275
CPV,1979,1301
CPV,1980,1352
CPV,1981,1447
CPV,1982,1470
CPV,1983,1588
CPV,1984,1626
CPV,1985,1742
CPV,1986,1766
CPV,1987,1817
CPV,1988,1898
CPV,1989,1980
CPV,1990,1965
CPV,1991,1988.3073291102712
CPV,1992,2029.59604778453
CPV,1993,2159.220165157935
CPV,1994,2291.080280147303
CPV,1995,2444.9031548626062
CPV,1996,2594.0996861280637
CPV,1997,2777.4651143132346
CPV,1998,2999.624524671349
CPV,1999,3346.8799259861166
CPV,2000,3583.586818637333
CPV,2001,3799.032625670076
CPV,2002,3998.261727569358
CPV,2003,4185.489119143422
CPV,2004,4368.054767360322
CPV,2005,4659.396187372807
CPV,2006,5140.870644234935
CPV,2007,5597.850266870618
CPV,2008,5985.106816776987
CPV,2009,5926.506489104242
CPV,2010,6033.7201639414325
CPV,2011,6295
CPV,2012,6273
CPV,2013,6234
CPV,2014,6262
CPV,2015,6266
CPV,2016,6461.350616883645
CPV,2017,6676.985947295534
CPV,2018,6848.756942435138
CPV,2019,7297.279145550106
CPV,2020,5831.9984412922195
CPV,2021,6173.230123587777
CPV,2022,7202.7671988606635
CRI,1960,4328
CRI,1961,4340
CRI,1962,4439
CRI,1963,4653
CRI,1964,4720
CRI,1965,4983
CRI,1966,5193
CRI,1967,5338
CRI,1968,5574
CRI,1969,5773
CRI,1970,5984
CRI,1971,6199
CRI,1972,6564
CRI,1973,6884
CRI,1974,7061
CRI,1975,7007
CRI,1976,7182
CRI,1977,7602
CRI,1978,7763
CRI,1979,7905
CRI,1980,7828
CRI,1981,7461
CRI,1982,6751
CRI,1983,6743
CRI,1984,7065
CRI,1985,6918
CRI,1986,7087
CRI,1987,7221
CRI,1988,7270
CRI,1989,7489
CRI,1990,7567
CRI,1991,7552.362230313143
CRI,1992,8038.767757585438
CRI,1993,8363.482969201788
CRI,1994,8479.568660683775
CRI,1995,8576.422396551394
CRI,1996,8446.781244562675
CRI,1997,8683.948462750068
CRI,1998,9053.851624503342
CRI,1999,9183.895044964813
CRI,2000,9319.766188847343
CRI,2001,9451.615274232789
CRI,2002,9591.553317847405
CRI,2003,9831.249602339949
CRI,2004,10086.783665353472
CRI,2005,10308.374061873204
CRI,2006,10880.476701230988
CRI,2007,11584.67665985994
CRI,2008,11935.157785616684
CRI,2009,11638.001894427154
CRI,2010,12031.570909467451
CRI,2011,12366
CRI,2012,12800.047524360542
CRI,2013,12952.746484152802
CRI,2014,13241.992080830492
CRI,2015,13557.923026599548
CRI,2016,13959.341886190665
CRI,2017,14372.67961374453
CRI,2018,14583.144009609705
CRI,2019,14775.292070224961
CRI,2020,13996.389360173924
CRI,2021,14931.956023204828
CRI,2022,15496.820570794214
CSK,1960,8142
CSK,1961,8389
CSK,1962,8454
CSK,1963,8241
CSK,1964,8563
CSK,1965,8820
CSK,1966,9151
CSK,1967,9507
CSK,1968,9919
CSK,1969,10128
CSK,1970,10307
CSK,1971,10613
CSK,1972,10932
CSK,1973,11223
CSK,1974,11545
CSK,1975,11794
CSK,1976,11893
CSK,1977,12344
CSK,1978,12411
CSK,1979,12439
CSK,1980,12723
CSK,1981,12612
CSK,1982,12824
CSK,1983,12986
CSK,1984,13260
CSK,1985,13337
CSK,1986,13560
CSK,1987,13603
CSK,1988,13882
CSK,1989,13976
CSK,1990,13570
CSK,1991,11949.632822825899
CSK,1992,11742.929170063038
CSK,1993,11879.808529093505
CSK,1994,12358.110958170913
CSK,1995,13181.29157925007
CSK,1996,13981.782808312792
CSK,1997,14199.408214625422
CSK,1998,14485.927828284493
CSK,1999,14769.399758199044
CSK,2000,15378.206427039782
CSK,2001,15999.640381714526
CSK,2002,16595.39877875658
CSK,2003,17407.07385006951
CSK,2004,18389.22767676436
CSK,2005,19774.061178051128
CSK,2006,21409.427615836157
CSK,2007,23146.207496674164
CSK,2008,24256.883223104058
CSK,2009,23659.4751223026
CSK,2010,24573.309484979825
CSK,2011,25289
CSK,2012,25211.404778609525
CSK,2013,25237.068996737788
CSK,2014,25808.53720840637
CSK,2015,27144.948728160303
CSK,2016,27732.625710087515
CSK,2017,28926.491560149592
CSK,2018,29842.957803433965
CSK,2019,30607.314315875192
CSK,2020,29043.44079961611
CSK,2021,30071.37605739725
CSK,2022,30640.913369701004
CUB,1960,2994
CUB,1961,3068
CUB,1962,2974
CUB,1963,2958
CUB,1964,3158
CUB,1965,3088
CUB,1966,3185
CUB,1967,3489
CUB,1968,3229
CUB,1969,3137
CUB,1970,2976
CUB,1971,3161
CUB,1972,3253
CUB,1973,3486
CUB,1974,3609
CUB,1975,3733
CUB,1976,3786
CUB,1977,3913
CUB,1978,4114
CUB,1979,4183
CUB,1980,4106
CUB,1981,4420
CUB,1982,4487
CUB,1983,4705
CUB,1984,5051
CUB,1985,5120
CUB,1986,5075
CUB,1987,4887
CUB,1988,4994
CUB,1989,4991
CUB,1990,4713
CUB,1991,3982.26572455253
CUB,1992,3399.964724510602
CUB,1993,2657.465975694371
CUB,1994,2683.0984798078575
CUB,1995,2860.7572707254844
CUB,1996,3249.6353174357732
CUB,1997,3425.5617843578816
CUB,1998,3415.5452394865824
CUB,1999,3623.5953800357993
CUB,2000,4009.3398762914
CUB,2001,4231.323833386835
CUB,2002,4369.040301048368
CUB,2003,4506.675854070209
CUB,2004,4561.016721751893
CUB,2005,4713.7063043150765
CUB,2006,5416.141191618224
CUB,2007,5635.688254102669
CUB,2008,6004.893861824534
CUB,2009,6248.304392736064
CUB,2010,6578.19058371151
CUB,2011,6928
CUB,2012,7138
CUB,2013,7379
CUB,2014,7628
CUB,2015,7889
CUB,2016,7928.049886767947
CUB,2017,8075.464782421154
CUB,2018,8262.988493292847
CUB,2019,8257.785032917569
CUB,2020,7364.105587639862
CUB,2021,7485.820787915659
CUB,2022,7648.704164323107
CYP,1960,3496
CYP,1961,3845
CYP,1962,4211
CYP,1963,4423
CYP,1964,3971
CYP,1965,4825
CYP,1966,5083
CYP,1967,5732
CYP,1968,5947
CYP,1969,6446
CYP,1970,6590
CYP,1971,7382
CYP,1972,7809
CYP,1973,7913
CYP,1974,6503
CYP,1975,5528
CYP,1976,6652
CYP,1977,7704
CYP,1978,8257
CYP,1979,9011
CYP,1980,9451
CYP,1981,9631
CYP,1982,10131
CYP,1983,10544
CYP,1984,11330
CYP,1985,11725
CYP,1986,12121
CYP,1987,12792
CYP,1988,13748
CYP,1989,14712
CYP,1990,15560
CYP,1991,15417.124367832934
CYP,1992,16570.39730741184
CYP,1993,16439.239293047358
CYP,1994,17210.986459556367
CYP,1995,18751.486548501765
CYP,1996,18875.288568756372
CYP,1997,19264.787794686876
CYP,1998,20212.73897509997
CYP,1999,21147.525071642056
CYP,2000,22326.798043224357
CYP,2001,23095.73595406818
CYP,2002,23828.073148758296
CYP,2003,24347.07540799384
CYP,2004,25355.240184048194
CYP,2005,26164.20955007925
CYP,2006,27142.01758224129
CYP,2007,28109.996129331383
CYP,2008,28736.97452004266
CYP,2009,27735.032918020177
CYP,2010,27630.1039230086
CYP,2011,27272
CYP,2012,25933.49468340088
CYP,2013,24281.811791416196
CYP,2014,24114.58618055048
CYP,2015,25081.50298693859
CYP,2016,26607.555421689172
CYP,2017,27872.81269312518
CYP,2018,29089.975508621013
CYP,2019,30284.79481465153
CYP,2020,28634.45661240419
CYP,2021,30252.325663827
CYP,2022,31523.497231570513
CZE,1960,NA
CZE,1961,NA
CZE,1962,NA
CZE,1963,NA
CZE,1964,NA
CZE,1965,NA
CZE,1966,NA
CZE,1967,NA
CZE,1968,NA
CZE,1969,NA
CZE,1970,8748
CZE,1971,9177
CZE,1972,9626
CZE,1973,10026
CZE,1974,10444
CZE,1975,10954
CZE,1976,11317
CZE,1977,11634
CZE,1978,12055
CZE,1979,12164
CZE,1980,12336
CZE,1981,12306
CZE,1982,12109
CZE,1983,12301
CZE,1984,12573
CZE,1985,12855
CZE,1986,13211
CZE,1987,13514
CZE,1988,13791
CZE,1989,14027
CZE,1990,14178
CZE,1991,12724.540854498873
CZE,1992,12810.431670604981
CZE,1993,12974.197268474312
CZE,1994,13517.581905253153
CZE,1995,14550.104626676957
CZE,1996,15386.320667717478
CZE,1997,15494.316947697736
CZE,1998,15657.425612746994
CZE,1999,16102.507638253432
CZE,2000,17056.159501864193
CZE,2001,17868.567585214038
CZE,2002,18431.027165920306
CZE,2003,19344.090163967343
CZE,2004,20555.035565163547
CZE,2005,22128.580114997705
CZE,2006,23888.163965408407
CZE,2007,25382.80753138417
CZE,2008,26186.045378781564
CZE,2009,25093.862877004325
CZE,2010,25922.394050569572
CZE,2011,26725
CZE,2012,26483.3804690022
CZE,2013,26467.62843467866
CZE,2014,27030.189743937062
CZE,2015,28437.602968494746
CZE,2016,29097.504379879432
CZE,2017,30531.383574611275
CZE,2018,31405.089152710418
CZE,2019,32226.552410735898
CZE,2020,30365.368243472636
CZE,2021,31452.556354545497
CZE,2022,32247.395241658513
DEU,1960,12282
DEU,1961,12675
DEU,1962,13106
DEU,1963,13367
DEU,1964,14062
DEU,1965,14642
DEU,1966,14964
DEU,1967,14979
DEU,1968,15723
DEU,1969,16641
DEU,1970,17277
DEU,1971,17657
DEU,1972,18301
DEU,1973,19074
DEU,1974,19228
DEU,1975,19193
DEU,1976,20218
DEU,1977,20837
DEU,1978,21447
DEU,1979,22305
DEU,1980,22497
DEU,1981,22553
DEU,1982,22380
DEU,1983,22840
DEU,1984,23564
DEU,1985,24133
DEU,1986,24657
DEU,1987,25027
DEU,1988,25759
DEU,1989,26393
DEU,1990,25391
DEU,1991,26769.960305852994
DEU,1992,27385.055559779423
DEU,1993,27250.70055747773
DEU,1994,28140.05587535537
DEU,1995,28868.946166083264
DEU,1996,29349.982835455772
DEU,1997,30186.94444075555
DEU,1998,31129.584397656625
DEU,1999,32087.603958850836
DEU,2000,33367.28380906572
DEU,2001,34260.28763277704
DEU,2002,34590.93016148603
DEU,2003,34716.44054621595
DEU,2004,35528.713472379015
DEU,2005,36205.57498422705
DEU,2006,38014.13685310267
DEU,2007,39752.20673719779
DEU,2008,40715.43417294671
DEU,2009,38962.93870266321
DEU,2010,41109.581818875464
DEU,2011,43189
DEU,2012,43288.31991990925
DEU,2013,43359.13650623272
DEU,2014,44132.75624401914
DEU,2015,44405.1667158815
DEU,2016,45030.46826166678
DEU,2017,46065.10011064793
DEU,2018,46377.39085284696
DEU,2019,46761.9460555775
DEU,2020,44996.4296207847
DEU,2021,46159.05188091431
DEU,2022,46647.79191665137
DJI,1960,4087
DJI,1961,4114
DJI,1962,4057
DJI,1963,4092
DJI,1964,4055
DJI,1965,4047
DJI,1966,4063
DJI,1967,4055
DJI,1968,4028
DJI,1969,4018
DJI,1970,4774
DJI,1971,4846
DJI,1972,4787
DJI,1973,4801
DJI,1974,4414
DJI,1975,4691
DJI,1976,4878
DJI,1977,4036
DJI,1978,3419
DJI,1979,3308
DJI,1980,3167
DJI,1981,3091
DJI,1982,3043
DJI,1983,2963
DJI,1984,2944
DJI,1985,2880
DJI,1986,2743
DJI,1987,2670
DJI,1988,2652
DJI,1989,2436
DJI,1990,2308
DJI,1991,2013.3426862406834
DJI,1992,2141.6341353721896
DJI,1993,2290.7846335490713
DJI,1994,2175.3618733293793
DJI,1995,2262.4287151931067
DJI,1996,2081.9954648378903
DJI,1997,2080.513413466037
DJI,1998,1974.5656764721496
DJI,1999,1930.5077921269688
DJI,2000,1880.9987505422425
DJI,2001,1845.6990820171227
DJI,2002,1824.4550865003716
DJI,2003,1945.665482683428
DJI,2004,2097.1233787101582
DJI,2005,2126.8051447305543
DJI,2006,2342.219160584773
DJI,2007,2396.018083066779
DJI,2008,2463.444917893156
DJI,2009,2521.5047154699196
DJI,2010,2543.8732949978316
DJI,2011,2590
DJI,2012,2654
DJI,2013,2724
DJI,2014,2823
DJI,2015,2941
DJI,2016,3084.5424532242337
DJI,2017,3197.9793568169052
DJI,2018,3308.116995375578
DJI,2019,3436.95012252388
DJI,2020,3426.6960805341964
DJI,2021,3541.5712415907765
DJI,2022,3623.060244174469
DMA,1960,1245
DMA,1961,1176
DMA,1962,1333
DMA,1963,1372
DMA,1964,1419
DMA,1965,1203
DMA,1966,1323
DMA,1967,1325
DMA,1968,1288
DMA,1969,1388
DMA,1970,1492
DMA,1971,1578
DMA,1972,1674
DMA,1973,1793
DMA,1974,1894
DMA,1975,1940
DMA,1976,2066
DMA,1977,2117
DMA,1978,2365
DMA,1979,1932
DMA,1980,2219
DMA,1981,2499
DMA,1982,2592
DMA,1983,2644
DMA,1984,2802
DMA,1985,2872
DMA,1986,3107
DMA,1987,3370
DMA,1988,3687
DMA,1989,3714
DMA,1990,3939
DMA,1991,4083.9959706276213
DMA,1992,4271.690132860365
DMA,1993,4339.8169539814435
DMA,1994,4459.365266500701
DMA,1995,4606.733655494353
DMA,1996,4894.841879438699
DMA,1997,5170.80795096273
DMA,1998,5462.697093719311
DMA,1999,5584.023848597831
DMA,2000,5696.955223607937
DMA,2001,5799.816229107313
DMA,2002,5771.374838417473
DMA,2003,6321.955684692586
DMA,2004,6602.70000484951
DMA,2005,6697.5345115596
DMA,2006,7133.781255069998
DMA,2007,7698.773584910761
DMA,2008,8454.062653751644
DMA,2009,8511.85813036361
DMA,2010,8768.4774130931
DMA,2011,8944
DMA,2012,8823
DMA,2013,9145
DMA,2014,9507
DMA,2015,9319
DMA,2016,9567.251383368406
DMA,2017,8877.881429508374
DMA,2018,9153.232417678071
DMA,2019,9575.093023772615
DMA,2020,7974.306806519906
DMA,2021,8419.473004250714
DMA,2022,8879.645784360697
DNK,1960,14046
DNK,1961,14843
DNK,1962,15537
DNK,1963,15513
DNK,1964,16832
DNK,1965,17459
DNK,1966,17789
DNK,1967,18230
DNK,1968,18868
DNK,1969,19974
DNK,1970,20221
DNK,1971,20617
DNK,1972,21579
DNK,1973,22228
DNK,1974,21919
DNK,1975,21712
DNK,1976,23059
DNK,1977,23360
DNK,1978,23632
DNK,1979,24409
DNK,1980,24272
DNK,1981,24063
DNK,1982,24807
DNK,1983,25450
DNK,1984,26581
DNK,1985,27710
DNK,1986,28681
DNK,1987,28728
DNK,1988,29049
DNK,1989,29108
DNK,1990,29412
DNK,1991,29915.44761677369
DNK,1992,30573.573321505366
DNK,1993,30649.53798738687
DNK,1994,32359.29623614676
DNK,1995,33356.14136557561
DNK,1996,34325.4425056305
DNK,1997,35499.063328550095
DNK,1998,36361.22944713951
DNK,1999,37523.42416941417
DNK,2000,39021.177552135625
DNK,2001,39425.86522315358
DNK,2002,39709.369288746384
DNK,2003,39983.14335353886
DNK,2004,41178.562625217965
DNK,2005,42264.63025038973
DNK,2006,44025.4826886383
DNK,2007,44481.46877196547
DNK,2008,44246.39868820777
DNK,2009,42090.17328831228
DNK,2010,42932.39714496129
DNK,2011,43575
DNK,2012,43509.61238198567
DNK,2013,43743.60932858168
DNK,2014,44215.63376122426
DNK,2015,44940.887673488316
DNK,2016,46018.98340380225
DNK,2017,47022.01152968533
DNK,2018,47717.45861212463
DNK,2019,48238.65786899667
DNK,2020,47171.08707284589
DNK,2021,49258.74965876333
DNK,2022,50689.67988728573
DOM,1960,2075
DOM,1961,1964
DOM,1962,2222
DOM,1963,2291
DOM,1964,2365
DOM,1965,2007
DOM,1966,2206
DOM,1967,2211
DOM,1968,2150
DOM,1969,2316
DOM,1970,2488
DOM,1971,2678
DOM,1972,2928
DOM,1973,3196
DOM,1974,3295
DOM,1975,3365
DOM,1976,3504
DOM,1977,3586
DOM,1978,3583
DOM,1979,3649
DOM,1980,3781
DOM,1981,3846
DOM,1982,3826
DOM,1983,3905
DOM,1984,3830
DOM,1985,3653
DOM,1986,3682
DOM,1987,3877
DOM,1988,3821
DOM,1989,4219
DOM,1990,3939
DOM,1991,3969.568673803786
DOM,1992,4185.4059382209525
DOM,1993,4490.016220777019
DOM,1994,4597.150817602258
DOM,1995,4851.628765525665
DOM,1996,5198.566649164177
DOM,1997,5616.889921651133
DOM,1998,6012.692550266255
DOM,1999,6419.781092878582
DOM,2000,6788.0838992463005
DOM,2001,6917.030381053836
DOM,2002,7327.365957521444
DOM,2003,7324.697348047655
DOM,2004,7441.447629239874
DOM,2005,8156.430953222604
DOM,2006,9059.884425319084
DOM,2007,9866.45803030943
DOM,2008,10225.528842460606
DOM,2009,10365.674874801924
DOM,2010,11276.46081199416
DOM,2011,11679
DOM,2012,11854.365826170415
DOM,2013,12290.142145664599
DOM,2014,13011.521729436818
DOM,2015,13765.118895315249
DOM,2016,14530.099909490285
DOM,2017,15053.832397607177
DOM,2018,15944.744353560543
DOM,2019,16587.236485078345
DOM,2020,15325.654565559918
DOM,2021,17046.64602563451
DOM,2022,17713.520299462227
DZA,1960,3328
DZA,1961,2868
DZA,1962,2284
DZA,1963,2818
DZA,1964,2879
DZA,1965,2981
DZA,1966,2750
DZA,1967,2907
DZA,1968,3151
DZA,1969,3355
DZA,1970,3585
DZA,1971,3188
DZA,1972,3746
DZA,1973,3757
DZA,1974,3870
DZA,1975,4020
DZA,1976,4157
DZA,1977,4398
DZA,1978,4812
DZA,1979,5088
DZA,1980,5024
DZA,1981,4991
DZA,1982,5145
DZA,1983,5243
DZA,1984,5361
DZA,1985,5469
DZA,1986,5262
DZA,1987,5088
DZA,1988,4850
DZA,1989,4889
DZA,1990,4697
DZA,1991,4708.231913419727
DZA,1992,4850.223330744767
DZA,1993,4816.923590117468
DZA,1994,4856.985389312913
DZA,1995,5142.3840043761675
DZA,1996,5451.634442085514
DZA,1997,5638.480167133529
DZA,1998,6069.777316724308
DZA,1999,6421.508468348999
DZA,2000,6834.553879767644
DZA,2001,7218.24576822021
DZA,2002,7814.838160308776
DZA,2003,8590.177526274332
DZA,2004,9182.294183891243
DZA,2005,9969.62260937367
DZA,2006,10385.77910832959
DZA,2007,10974.742286661307
DZA,2008,11475.002405825062
DZA,2009,11907.021496636984
DZA,2010,12587.744251355978
DZA,2011,13204
DZA,2012,13392.944701940112
DZA,2013,13508.26444943762
DZA,2014,13760.38379007982
DZA,2015,14007.893506456534
DZA,2016,14198.272761200371
DZA,2017,14149.914954507996
DZA,2018,14083.772737051351
DZA,2019,14000.27914797286
DZA,2020,13086.292801166823
DZA,2021,13337.261833898425
DZA,2022,13506.44438931578
ECU,1960,3649
ECU,1961,3633
ECU,1962,3716
ECU,1963,3698
ECU,1964,3843
ECU,1965,4090
ECU,1966,4074
ECU,1967,4163
ECU,1968,4264
ECU,1969,4366
ECU,1970,4535
ECU,1971,4658
ECU,1972,4801
ECU,1973,5244
ECU,1974,5392
ECU,1975,5514
ECU,1976,5877
ECU,1977,6073
ECU,1978,6314
ECU,1979,6472
ECU,1980,6582
ECU,1981,6664
ECU,1982,6558
ECU,1983,6252
ECU,1984,6336
ECU,1985,6433
ECU,1986,6452
ECU,1987,5893
ECU,1988,6357
ECU,1989,6207
ECU,1990,6221
ECU,1991,6513.33684307474
ECU,1992,6715.474338995894
ECU,1993,6770.178561599522
ECU,1994,6940.090264709554
ECU,1995,6985.15549349466
ECU,1996,6993.643845856553
ECU,1997,7181.100892942844
ECU,1998,7307.1694453508735
ECU,1999,6884.79262151431
ECU,2000,6908.242975560693
ECU,2001,7131.193975132238
ECU,2002,7359.707232942879
ECU,2003,7468.503537609323
ECU,2004,7958.920703386422
ECU,2005,8256.7776955984
ECU,2006,8521.55980047244
ECU,2007,8633.584399572856
ECU,2008,9103.871687452474
ECU,2009,9081.370487059394
ECU,2010,9327.212764773541
ECU,2011,9985
ECU,2012,10398.947800827204
ECU,2013,10761.350509926448
ECU,2014,11016.160646700579
ECU,2015,10878.765277324404
ECU,2016,10603.805877018236
ECU,2017,10715.150129738131
ECU,2018,10716.90381207436
ECU,2019,10586.936861661216
ECU,2020,9646.065160433589
ECU,2021,9937.6964730908
ECU,2022,10124.076562210608
EGY,1960,1580
EGY,1961,1643
EGY,1962,1712
EGY,1963,1785
EGY,1964,1859
EGY,1965,1934
EGY,1966,1900
EGY,1967,1835
EGY,1968,1827
EGY,1969,1914
EGY,1970,1999
EGY,1971,2045
EGY,1972,2047
EGY,1973,2063
EGY,1974,2099
EGY,1975,2265
EGY,1976,2560
EGY,1977,2817
EGY,1978,2939
EGY,1979,3076
EGY,1980,3298
EGY,1981,3309
EGY,1982,3543
EGY,1983,3701
EGY,1984,3810
EGY,1985,3939
EGY,1986,3921
EGY,1987,3929
EGY,1988,4001
EGY,1989,4030
EGY,1990,4022
EGY,1991,4180.132604072728
EGY,1992,4338.953753212038
EGY,1993,4542.632472525336
EGY,1994,4746.588238758654
EGY,1995,5001.066691482316
EGY,1996,5293.100503977333
EGY,1997,5594.597152884716
EGY,1998,5884.8017830892995
EGY,1999,6211.015802157991
EGY,2000,6593.531793090701
EGY,2001,6914.9367688433
EGY,2002,7142.686391865963
EGY,2003,7365.802725390693
EGY,2004,7661.859858686246
EGY,2005,8021.883480428561
EGY,2006,8509.614357973966
EGY,2007,9130.597908654292
EGY,2008,9698.016638328141
EGY,2009,10159.002193951934
EGY,2010,10719.291292162377
EGY,2011,10737
EGY,2012,10774.529912485224
EGY,2013,10871.144909874585
EGY,2014,11135.727124261874
EGY,2015,11312.847990951546
EGY,2016,11458.447735785956
EGY,2017,11545.593430310772
EGY,2018,11895.311918349673
EGY,2019,12300.201070600773
EGY,2020,12234.503481702748
EGY,2021,12868.26141909637
EGY,2022,13205.40639831306
ESP,1960,5031.566581572437
ESP,1961,5581.437566911612
ESP,1962,6075.909555034676
ESP,1963,6631.572696635345
ESP,1964,6938.491843635209
ESP,1965,7411.984782945171
ESP,1966,7872.849372810183
ESP,1967,8207.074373638408
ESP,1968,8598.88130808511
ESP,1969,9299.070162620286
ESP,1970,9502.939890629283
ESP,1971,9885.877304701884
ESP,1972,10787.692665989698
ESP,1973,11629.701737238698
ESP,1974,12379.949716151497
ESP,1975,12613.324117916534
ESP,1976,13044.985993676577
ESP,1977,13335.21213888847
ESP,1978,13568.676117616169
ESP,1979,13678.09341878673
ESP,1980,14005.934595454468
ESP,1981,13895.314484184273
ESP,1982,14046.104162293825
ESP,1983,14240.944745992354
ESP,1984,14313.326648327431
ESP,1985,14696.9656773837
ESP,1986,15242.980691686094
ESP,1987,16273.085083913356
ESP,1988,17275.507552334802
ESP,1989,18360.350662690114
ESP,1990,19214.999999999996
ESP,1991,19958.05964269484
ESP,1992,20329.167740836685
ESP,1993,20056.539615511396
ESP,1994,20673.954415535798
ESP,1995,21522.096788725685
ESP,1996,22185.06675997645
ESP,1997,23113.615070459808
ESP,1998,24284.861317461928
ESP,1999,25549.53964290926
ESP,2000,26994.86012029174
ESP,2001,28153.55361296604
ESP,2002,28753.322752068387
ESP,2003,29371.86492785975
ESP,2004,30088.09263524994
ESP,2005,30885.602039559926
ESP,2006,31907.423509758653
ESP,2007,32735.433097933867
ESP,2008,32844.326112024
ESP,2009,31669.69062082153
ESP,2010,31786.404048037002
ESP,2011,31600
ESP,2012,30645.215366245026
ESP,2013,30327.451849054178
ESP,2014,30842.182876356037
ESP,2015,32057.098255641897
ESP,2016,33002.67434707953
ESP,2017,33924.13541909865
ESP,2018,34553.62592797743
ESP,2019,34957.465528221546
ESP,2020,30834.51319742432
ESP,2021,32553.051028163532
ESP,2022,34123.386709528146
EST,1960,NA
EST,1961,NA
EST,1962,NA
EST,1963,NA
EST,1964,NA
EST,1965,NA
EST,1966,NA
EST,1967,NA
EST,1968,NA
EST,1969,NA
EST,1970,NA
EST,1971,NA
EST,1972,NA
EST,1973,13799
EST,1974,NA
EST,1975,NA
EST,1976,NA
EST,1977,NA
EST,1978,NA
EST,1979,NA
EST,1980,15044
EST,1981,15478
EST,1982,15927
EST,1983,16361
EST,1984,16660
EST,1985,16541
EST,1986,16866
EST,1987,16898
EST,1988,17661
EST,1989,18779
EST,1990,17247
EST,1991,15350.634870336899
EST,1992,13214.387635358005
EST,1993,12207.18423909829
EST,1994,12070.060563027124
EST,1995,12881.278503808462
EST,1996,13547.660907137322
EST,1997,15074.7754666063
EST,1998,15593.0050531936
EST,1999,15335.106288821029
EST,2000,16806.974619718145
EST,2001,17696.610116415002
EST,2002,18589.149478156778
EST,2003,19771.742979817005
EST,2004,20803.75759258693
EST,2005,22518.54124166039
EST,2006,24578.81620039129
EST,2007,26177.871675225328
EST,2008,24429.022210386796
EST,2009,20538.04809037838
EST,2010,20713.425563726647
EST,2011,21997
EST,2012,22784.30001021475
EST,2013,23204.110748860647
EST,2014,23982.82757600065
EST,2015,24473.65989948074
EST,2016,25196.153773217105
EST,2017,26661.62675119852
EST,2018,27596.41037351653
EST,2019,28505.604119981013
EST,2020,28261.582572042505
EST,2021,30499.15705657188
EST,2022,30067.39540974229
ETH,1960,701
ETH,1961,722
ETH,1962,736
ETH,1963,818
ETH,1964,840
ETH,1965,872
ETH,1966,888
ETH,1967,907
ETH,1968,902
ETH,1969,917
ETH,1970,948
ETH,1971,968
ETH,1972,995
ETH,1973,1004
ETH,1974,993
ETH,1975,972
ETH,1976,974
ETH,1977,977
ETH,1978,952
ETH,1979,999
ETH,1980,1033
ETH,1981,1009
ETH,1982,980
ETH,1983,999
ETH,1984,956
ETH,1985,880
ETH,1986,920
ETH,1987,980
ETH,1988,969
ETH,1989,956
ETH,1990,915
ETH,1991,810.7901023841508
ETH,1992,708.3693502681477
ETH,1993,699.227263435479
ETH,1994,731.7509294010663
ETH,1995,744.1417588870834
ETH,1996,782.9941471639609
ETH,1997,815.1454566534962
ETH,1998,786.2790024837228
ETH,1999,761.9032748433058
ETH,2000,771.7314860703663
ETH,2001,783.8963906541608
ETH,2002,793.9148975989551
ETH,2003,764.5282753360359
ETH,2004,771.4651960833974
ETH,2005,829.2431992891461
ETH,2006,880.6544436234008
ETH,2007,936.3743524245542
ETH,2008,989.9803876030172
ETH,2009,1043.531853284843
ETH,2010,1106.383085139077
ETH,2011,1199
ETH,2012,1291.776901119979
ETH,2013,1385.1579124559821
ETH,2014,1488.9333469822898
ETH,2015,1601.2637835740684
ETH,2016,1722.3091963076836
ETH,2017,1840.3696721833746
ETH,2018,1936.8275667246005
ETH,2019,2030.6775319000071
ETH,2020,2121.8590445605028
ETH,2021,2190.675179037729
ETH,2022,2289.40903790425
FIN,1960,9931
FIN,1961,10613
FIN,1962,10869
FIN,1963,11148
FIN,1964,11647
FIN,1965,12226
FIN,1966,12471
FIN,1967,12667
FIN,1968,12900
FIN,1969,14151
FIN,1970,15266
FIN,1971,15565
FIN,1972,16654
FIN,1973,17669
FIN,1974,18109
FIN,1975,18237
FIN,1976,18104
FIN,1977,18100
FIN,1978,18425
FIN,1979,19657
FIN,1980,20640
FIN,1981,20935
FIN,1982,21495
FIN,1983,21944
FIN,1984,22486
FIN,1985,23148
FIN,1986,23621
FIN,1987,24519
FIN,1988,25644
FIN,1989,27012
FIN,1990,26884
FIN,1991,25174.89903403125
FIN,1992,24219.760625310748
FIN,1993,23943.74494354966
FIN,1994,24797.65941273949
FIN,1995,25761.624219563422
FIN,1996,26637.265654373976
FIN,1997,28239.874533728987
FIN,1998,29715.34143018029
FIN,1999,30986.88831647531
FIN,2000,32689.768891566222
FIN,2001,33481.67865983225
FIN,2002,33986.554080491376
FIN,2003,34607.219326032944
FIN,2004,35888.61319340034
FIN,2005,36787.25740946176
FIN,2006,38160.70259066114
FIN,2007,39998.52538605329
FIN,2008,40129.653338281205
FIN,2009,36662.61331080379
FIN,2010,37615.11338414859
FIN,2011,38432
FIN,2012,37715.01099099154
FIN,2013,37203.14501381203
FIN,2014,36907.92240943773
FIN,2015,36986.69846443775
FIN,2016,37924.151065413025
FIN,2017,39043.19293181558
FIN,2018,39430.90682442678
FIN,2019,39874.802181849154
FIN,2020,38871.701847820725
FIN,2021,39977.85488818355
FIN,2022,40701.466002620546
FRA,1960,11792
FRA,1961,12302
FRA,1962,12859
FRA,1963,13330
FRA,1964,14057
FRA,1965,14609
FRA,1966,15213
FRA,1967,15792
FRA,1968,16365
FRA,1969,17352
FRA,1970,18187
FRA,1971,18881
FRA,1972,19549
FRA,1973,20441
FRA,1974,20902
FRA,1975,20653
FRA,1976,21465
FRA,1977,22177
FRA,1978,22698
FRA,1979,23326
FRA,1980,23537
FRA,1981,23655
FRA,1982,24120
FRA,1983,24300
FRA,1984,24519
FRA,1985,24755
FRA,1986,25238
FRA,1987,25756
FRA,1988,26763
FRA,1989,27576
FRA,1990,28129
FRA,1991,28294.26379228097
FRA,1992,28619.804052963773
FRA,1993,28336.160318360813
FRA,1994,28907.977358135435
FRA,1995,29418.864086617075
FRA,1996,29736.64477865526
FRA,1997,30341.805869105512
FRA,1998,31323.077638975665
FRA,1999,32284.611622135646
FRA,2000,33409.68148293087
FRA,2001,33920.097406561574
FRA,2002,34152.77445600494
FRA,2003,34292.030131448904
FRA,2004,35093.824134976705
FRA,2005,35495.46472917733
FRA,2006,36166.15968100972
FRA,2007,36845.68508689428
FRA,2008,36761.792064608555
FRA,2009,35534.92715160096
FRA,2010,36086.726618151486
FRA,2011,36691
FRA,2012,36625.926898328944
FRA,2013,36647.2178013021
FRA,2014,36818.53947084249
FRA,2015,37077.88969561081
FRA,2016,37343.840237178665
FRA,2017,38037.33518797257
FRA,2018,38555.46543208852
FRA,2019,39084.65542048323
FRA,2020,35913.81936941929
FRA,2021,38242.13474775759
FRA,2022,39065.70958246763
GAB,1960,3982
GAB,1961,4415
GAB,1962,4497
GAB,1963,4599
GAB,1964,4616
GAB,1965,4626
GAB,1966,4761
GAB,1967,4882
GAB,1968,4927
GAB,1969,5252
GAB,1970,5587
GAB,1971,6027
GAB,1972,6559
GAB,1973,6935
GAB,1974,9083
GAB,1975,9985
GAB,1976,12747
GAB,1977,10849
GAB,1978,8013
GAB,1979,8091
GAB,1980,8402
GAB,1981,8625
GAB,1982,8099
GAB,1983,8281
GAB,1984,8612
GAB,1985,8131
GAB,1986,7818
GAB,1987,6320
GAB,1988,6982
GAB,1989,7422
GAB,1990,7646
GAB,1991,8296.57394557838
GAB,1992,8194.49945140058
GAB,1993,8551.058722616317
GAB,1994,9192.562985022798
GAB,1995,9833.989038864813
GAB,1996,10389.209794751403
GAB,1997,11202.838782070135
GAB,1998,11758.160121036553
GAB,1999,10648.08948927691
GAB,2000,10637.7997208308
GAB,2001,11104.553042695374
GAB,2002,11141.462673616905
GAB,2003,11665.83226434033
GAB,2004,12022.507183126563
GAB,2005,12437.959684036836
GAB,2006,12342.77933006674
GAB,2007,13455.612483816918
GAB,2008,13330.254768915609
GAB,2009,13617.896101733826
GAB,2010,14926.69964035508
GAB,2011,16403
GAB,2012,16682.30789929275
GAB,2013,16964.44609774818
GAB,2014,17098.142681877256
GAB,2015,17179.999279600695
GAB,2016,16995.237847239205
GAB,2017,16576.176036350756
GAB,2018,16253.897340665051
GAB,2019,16449.71435497889
GAB,2020,15745.748639609883
GAB,2021,15597.771065444127
GAB,2022,15720.901058150084
GBR,1960,13780
GBR,1961,14118
GBR,1962,14131
GBR,1963,14583
GBR,1964,15251
GBR,1965,15545
GBR,1966,15757
GBR,1967,16018
GBR,1968,16593
GBR,1969,16820
GBR,1970,17162
GBR,1971,17440
GBR,1972,18002
GBR,1973,19168
GBR,1974,18903
GBR,1975,18884
GBR,1976,19311
GBR,1977,19740
GBR,1978,20448
GBR,1979,20988
GBR,1980,20612
GBR,1981,20319
GBR,1982,20650
GBR,1983,21366
GBR,1984,21869
GBR,1985,22579
GBR,1986,23498
GBR,1987,24536
GBR,1988,25679
GBR,1989,26164
GBR,1990,26189
GBR,1991,25792.012779108438
GBR,1992,25790.184687995672
GBR,1993,26349.341965887485
GBR,1994,27277.542761025838
GBR,1995,27861.21578257752
GBR,1996,28472.248239067303
GBR,1997,29259.763819527383
GBR,1998,30077.38451998016
GBR,1999,30932.53623756816
GBR,2000,31946.036339441373
GBR,2001,32660.441370022447
GBR,2002,33271.302547788306
GBR,2003,34232.42666000616
GBR,2004,34865.78267808615
GBR,2005,35623.6255859275
GBR,2006,36214.06879467632
GBR,2007,36816.677075128326
GBR,2008,36264.790557788256
GBR,2009,34402.357978781125
GBR,2010,34754.472260543975
GBR,2011,34971
GBR,2012,35243.64214254814
GBR,2013,35660.55716703867
GBR,2014,36521.86116460704
GBR,2015,37101.22493847404
GBR,2016,37593.90658353903
GBR,2017,38283.93671698943
GBR,2018,38704.602674613714
GBR,2019,39113.01173266413
GBR,2020,34651.183049111096
GBR,2021,37134.328380219384
GBR,2022,38406.531948777076
GEO,1960,NA
GEO,1961,NA
GEO,1962,NA
GEO,1963,NA
GEO,1964,NA
GEO,1965,NA
GEO,1966,NA
GEO,1967,NA
GEO,1968,NA
GEO,1969,NA
GEO,1970,NA
GEO,1971,NA
GEO,1972,NA
GEO,1973,9456
GEO,1974,NA
GEO,1975,NA
GEO,1976,NA
GEO,1977,NA
GEO,1978,NA
GEO,1979,NA
GEO,1980,10519
GEO,1981,11053
GEO,1982,11611
GEO,1983,12234
GEO,1984,13128
GEO,1985,13868
GEO,1986,13839
GEO,1987,13707
GEO,1988,14665
GEO,1989,14161
GEO,1990,12140
GEO,1991,9535.050580849726
GEO,1992,5286.924817015394
GEO,1993,3792.6176781327476
GEO,1994,3463.476082884932
GEO,1995,3610.8407582132795
GEO,1996,4030.884662956275
GEO,1997,4480.8978596311945
GEO,1998,4619.90479030964
GEO,1999,4763.350556595302
GEO,2000,4891.664053707681
GEO,2001,5125.127370325453
GEO,2002,5406.953326799791
GEO,2003,6013.009152625263
GEO,2004,6342.7081698624315
GEO,2005,6849.7890467790885
GEO,2006,7398.052642396951
GEO,2007,8300.143880428972
GEO,2008,8461.91734250787
GEO,2009,8062.0837862263115
GEO,2010,8443.4360888918
GEO,2011,8946
GEO,2012,9497.121233192605
GEO,2013,9856.67887601039
GEO,2014,10307.60308643207
GEO,2015,10629.593978290002
GEO,2016,10945.465518138997
GEO,2017,11479.42531534166
GEO,2018,12035.715188215598
GEO,2019,12631.663683427927
GEO,2020,11770.782278923916
GEO,2021,12994.772421799053
GEO,2022,14360.35973277849
GHA,1960,2197
GHA,1961,2212
GHA,1962,2257
GHA,1963,2270
GHA,1964,2254
GHA,1965,2220
GHA,1966,2158
GHA,1967,2134
GHA,1968,2101
GHA,1969,2112
GHA,1970,2270
GHA,1971,2377
GHA,1972,2235
GHA,1973,2227
GHA,1974,2319
GHA,1975,1988
GHA,1976,1878
GHA,1977,1882
GHA,1978,2008
GHA,1979,1929
GHA,1980,1844
GHA,1981,1820
GHA,1982,1661
GHA,1983,1487
GHA,1984,1530
GHA,1985,1559
GHA,1986,1575
GHA,1987,1605
GHA,1988,1648
GHA,1989,1685
GHA,1990,1693
GHA,1991,1742.627555797661
GHA,1992,1771.6003862853463
GHA,1993,1791.112655265993
GHA,1994,1813.6117444642
GHA,1995,1856.5727820195764
GHA,1996,1907.9348395859256
GHA,1997,1964.9124281809677
GHA,1998,2017.989552947675
GHA,1999,2066.7412019192193
GHA,2000,2100.293070545185
GHA,2001,2143.1062392256526
GHA,2002,2192.020266142103
GHA,2003,2256.8172967289725
GHA,2004,2329.515674312796
GHA,2005,2411.287649073024
GHA,2006,2503.957697065865
GHA,2007,2553.1658623989833
GHA,2008,2725.7884260838214
GHA,2009,2793.8709448780382
GHA,2010,2946.039343235952
GHA,2011,3283
GHA,2012,3467.104258740002
GHA,2013,3621.6009278249753
GHA,2014,3627.8382692928258
GHA,2015,3610.6459671994958
GHA,2016,3640.7790248286738
GHA,2017,3841.8795606389676
GHA,2018,3983.1216335908125
GHA,2019,4143.3772788327215
GHA,2020,4069.2519024115472
GHA,2021,4190.578296752464
GHA,2022,4242.41066928283
GIN,1960,671
GIN,1961,703
GIN,1962,741
GIN,1963,689
GIN,1964,720
GIN,1965,756
GIN,1966,759
GIN,1967,767
GIN,1968,776
GIN,1969,784
GIN,1970,795
GIN,1971,822
GIN,1972,826
GIN,1973,821
GIN,1974,848
GIN,1975,854
GIN,1976,905
GIN,1977,858
GIN,1978,897
GIN,1979,869
GIN,1980,872
GIN,1981,859
GIN,1982,858
GIN,1983,850
GIN,1984,824
GIN,1985,821
GIN,1986,819
GIN,1987,826
GIN,1988,856
GIN,1989,869
GIN,1990,861
GIN,1991,827.006899123684
GIN,1992,833.2267623324658
GIN,1993,862.7312853610053
GIN,1994,882.4944267995689
GIN,1995,906.2643896713406
GIN,1996,927.1294796986199
GIN,1997,976.4966259571524
GIN,1998,1010.7919026315359
GIN,1999,1031.382545338989
GIN,2000,1046.567062726806
GIN,2001,1090.6519969179155
GIN,2002,1148.5446784790645
GIN,2003,1146.3352913076974
GIN,2004,1159.8250346752704
GIN,2005,1186.6047934322464
GIN,2006,1188.484575919068
GIN,2007,1253.4077187176185
GIN,2008,1290.4037004352026
GIN,2009,1255.2418552976146
GIN,2010,1291.6962284092601
GIN,2011,1347
GIN,2012,1397
GIN,2013,1421
GIN,2014,1399
GIN,2015,1364
GIN,2016,1472.9530188948288
GIN,2017,1583.5482417882856
GIN,2018,1642.1047920266644
GIN,2019,1690.8837251385635
GIN,2020,1726.50825466548
GIN,2021,1769.8623247193907
GIN,2022,1809.2665668339273
GMB,1960,1167
GMB,1961,1318
GMB,1962,1262
GMB,1963,1232
GMB,1964,1274
GMB,1965,1368
GMB,1966,1545
GMB,1967,1548
GMB,1968,1519
GMB,1969,1629
GMB,1970,1422
GMB,1971,1376
GMB,1972,1334
GMB,1973,1411
GMB,1974,1452
GMB,1975,1497
GMB,1976,1436
GMB,1977,1417
GMB,1978,1446
GMB,1979,1360
GMB,1980,1325
GMB,1981,1521
GMB,1982,1581
GMB,1983,1482
GMB,1984,1462
GMB,1985,1451
GMB,1986,1422
GMB,1987,1406
GMB,1988,1417
GMB,1989,1407
GMB,1990,1400
GMB,1991,1390.7049751233394
GMB,1992,1391.4054544916785
GMB,1993,1385.590811150798
GMB,1994,1345.0349874728968
GMB,1995,1317.2424957301541
GMB,1996,1336.8473241266922
GMB,1997,1308.4866719431436
GMB,1998,1324.9244963565134
GMB,1999,1385.6317768709796
GMB,2000,1440.8619216741897
GMB,2001,1495.0918361570011
GMB,2002,1473.400674350363
GMB,2003,1478.9562284600831
GMB,2004,1585.7992199155708
GMB,2005,1541.6115978708276
GMB,2006,1530.6844003257575
GMB,2007,1557.8473660349152
GMB,2008,1618.444482445715
GMB,2009,1692.6423491144506
GMB,2010,1772.7268528838883
GMB,2011,1669
GMB,2012,1725
GMB,2013,1767
GMB,2014,1743
GMB,2015,1786
GMB,2016,1770.36448958669
GMB,2017,1805.88121666396
GMB,2018,1886.053205208154
GMB,2019,1952.3260558544303
GMB,2020,1914.1968567045412
GMB,2021,1964.493669936666
GMB,2022,2010.5322346934486
GNB,1960,800
GNB,1961,851
GNB,1962,899
GNB,1963,932
GNB,1964,1027
GNB,1965,1097
GNB,1966,1165
GNB,1967,1232
GNB,1968,1270
GNB,1969,1333
GNB,1970,1395
GNB,1971,1333
GNB,1972,1412
GNB,1973,1411
GNB,1974,1458
GNB,1975,1479
GNB,1976,1443
GNB,1977,1317
GNB,1978,1465
GNB,1979,1468
GNB,1980,1207
GNB,1981,1173
GNB,1982,1195
GNB,1983,1129
GNB,1984,1162
GNB,1985,1184
GNB,1986,1146
GNB,1987,1183
GNB,1988,1235
GNB,1989,1259
GNB,1990,1270
GNB,1991,1282.7287925732994
GNB,1992,1287.2764782376373
GNB,1993,1280.3420316640393
GNB,1994,1284.9269702677093
GNB,1995,1310.1873248410675
GNB,1996,1337.4675813593324
GNB,1997,1388.1026857943027
GNB,1998,1130.8126857095724
GNB,1999,1256.082491687944
GNB,2000,1230.6406294399242
GNB,2001,1233.0719850069206
GNB,2002,1196.2325065611392
GNB,2003,1181.94349571599
GNB,2004,1194.6707917770177
GNB,2005,1226.5608858641476
GNB,2006,1233.8132378735418
GNB,2007,1252.573945375853
GNB,2008,1270.7227556518212
GNB,2009,1292.0292935725613
GNB,2010,1329.3724093189558
GNB,2011,1413
GNB,2012,1361
GNB,2013,1378
GNB,2014,1355
GNB,2015,1393
GNB,2016,1443.4240208380827
GNB,2017,1492.0391837283307
GNB,2018,1511.8668326852383
GNB,2019,1543.4176040184275
GNB,2020,1531.309512560488
GNB,2021,1593.8185780472504
GNB,2022,1625.3875971486987
GNQ,1960,1101
GNQ,1961,1191
GNQ,1962,1310
GNQ,1963,1486
GNQ,1964,1690
GNQ,1965,1898
GNQ,1966,1953
GNQ,1967,2058
GNQ,1968,2102
GNQ,1969,2015
GNQ,1970,1934
GNQ,1971,1989
GNQ,1972,2007
GNQ,1973,2204
GNQ,1974,2466
GNQ,1975,3080
GNQ,1976,3453
GNQ,1977,3668
GNQ,1978,3451
GNQ,1979,2882
GNQ,1980,2613
GNQ,1981,2603
GNQ,1982,2533
GNQ,1983,2534
GNQ,1984,2437
GNQ,1985,2662
GNQ,1986,2534
GNQ,1987,2579
GNQ,1988,2577
GNQ,1989,2479
GNQ,1990,2474
GNQ,1991,2427.8802495120503
GNQ,1992,2690.63309412509
GNQ,1993,2880.2040081888463
GNQ,1994,3081.152504204578
GNQ,1995,3364.6325804428425
GNQ,1996,4426.337826101144
GNQ,1997,8445.644996727055
GNQ,1998,9712.22621077315
GNQ,1999,11690.135158536285
GNQ,2000,12914.851292130696
GNQ,2001,21167.74135396339
GNQ,2002,24845.04222607092
GNQ,2003,27571.159043602554
GNQ,2004,33419.88579447368
GNQ,2005,35569.70762362731
GNQ,2006,36615.705703717555
GNQ,2007,41277.75565366894
GNQ,2008,47562.31952890182
GNQ,2009,47161.28473806681
GNQ,2010,42037.897403604875
GNQ,2011,43841
GNQ,2012,46255
GNQ,2013,43209
GNQ,2014,41907
GNQ,2015,37822
GNQ,2016,33206.63589743496
GNQ,2017,30206.871657457876
GNQ,2018,27353.844810174716
GNQ,2019,25006.34078387603
GNQ,2020,23300.297648989497
GNQ,2021,22537.54059330532
GNQ,2022,22707.220253154966
GRC,1960,5015
GRC,1961,5408
GRC,1962,5577
GRC,1963,6122
GRC,1964,6601
GRC,1965,7187
GRC,1966,7570
GRC,1967,7892
GRC,1968,8394
GRC,1969,9191
GRC,1970,9900
GRC,1971,10559
GRC,1972,11795
GRC,1973,12202
GRC,1974,11716
GRC,1975,12309
GRC,1976,12919
GRC,1977,13158
GRC,1978,13860
GRC,1979,14193
GRC,1980,14300
GRC,1981,14180
GRC,1982,14153
GRC,1983,14132
GRC,1984,14453
GRC,1985,14850
GRC,1986,15047
GRC,1987,14944
GRC,1988,15596
GRC,1989,16117
GRC,1990,15964
GRC,1991,16409.689413848526
GRC,1992,16545.963766056062
GRC,1993,16331.314704388997
GRC,1994,16724.28805618853
GRC,1995,17148.197198638813
GRC,1996,17719.55738038829
GRC,1997,18588.295487953197
GRC,1998,19378.709926951826
GRC,1999,20076.559375082434
GRC,2000,20965.331806698097
GRC,2001,21913.79768092266
GRC,2002,22893.95911786512
GRC,2003,24380.066327361783
GRC,2004,25780.385093078436
GRC,2005,26091.524171942994
GRC,2006,27731.110923369015
GRC,2007,28822.915641555985
GRC,2008,28907.92502567267
GRC,2009,27839.897516969475
GRC,2010,26517.46507965097
GRC,2011,24349
GRC,2012,22746.20629506483
GRC,2013,22335.270364176395
GRC,2014,22591.596909369513
GRC,2015,22696.202299403438
GRC,2016,22679.809820485447
GRC,2017,22972.889616020842
GRC,2018,23403.612065299094
GRC,2019,23869.792849390768
GRC,2020,21767.220165271887
GRC,2021,23732.20107260401
GRC,2022,25283.906880841605
GTM,1960,3496
GTM,1961,3532
GTM,1962,3543
GTM,1963,3762
GTM,1964,3814
GTM,1965,3900
GTM,1966,4033
GTM,1967,4114
GTM,1968,4385
GTM,1969,4497
GTM,1970,4653
GTM,1971,4801
GTM,1972,5037
GTM,1973,5255
GTM,1974,5461
GTM,1975,5439
GTM,1976,5705
GTM,1977,6005
GTM,1978,6156
GTM,1979,6298
GTM,1980,6384
GTM,1981,6256
GTM,1982,5903
GTM,1983,5585
GTM,1984,5469
GTM,1985,5292
GTM,1986,5136
GTM,1987,5098
GTM,1988,5086
GTM,1989,5144
GTM,1990,5165
GTM,1991,5166.549866012667
GTM,1992,5303.598547425432
GTM,1993,5382.978712103502
GTM,1994,5414.541153569243
GTM,1995,5501.042226782372
GTM,1996,5511.904705680813
GTM,1997,5601.207505205031
GTM,1998,5730.645753626605
GTM,1999,5824.883284869329
GTM,2000,5860.271852571701
GTM,2001,5882.7197059354185
GTM,2002,5980.242007724151
GTM,2003,6004.144673120455
GTM,2004,6070.1942309616525
GTM,2005,6130.482337567918
GTM,2006,6305.818591459861
GTM,2007,6545.752353261084
GTM,2008,6604.682423043075
GTM,2009,6488.646238166217
GTM,2010,6526.457569591022
GTM,2011,6650
GTM,2012,6718.332239117085
GTM,2013,6813.411605682604
GTM,2014,6978.10584290415
GTM,2015,7126.992528560714
GTM,2016,7186.659993070903
GTM,2017,7279.739953937346
GTM,2018,7399.198034153791
GTM,2019,7565.846022916714
GTM,2020,7309.368193308424
GTM,2021,7764.696116345891
GTM,2022,7969.431184869257
HKG,1960,5088
HKG,1961,5169
HKG,1962,5780
HKG,1963,6381
HKG,1964,6664
HKG,1965,7414
HKG,1966,7412
HKG,1967,7474
HKG,1968,7696
HKG,1969,8534
HKG,1970,9250
HKG,1971,9787
HKG,1972,10632
HKG,1973,11717
HKG,1974,11719
HKG,1975,11456
HKG,1976,12929
HKG,1977,13986
HKG,1978,14689
HKG,1979,15903
HKG,1980,17086
HKG,1981,18301
HKG,1982,18527
HKG,1983,19349
HKG,1984,21042
HKG,1985,20883
HKG,1986,22823
HKG,1987,25414
HKG,1988,27063
HKG,1989,27377
HKG,1990,27960
HKG,1991,29008.69888272773
HKG,1992,30202.539384048287
HKG,1993,31242.198945436776
HKG,1994,32219.357339097583
HKG,1995,31941.908676268977
HKG,1996,32261.80367248706
HKG,1997,33385.8193558232
HKG,1998,30866.42845238891
HKG,1999,31134.166298431835
HKG,2000,32894.01076870469
HKG,2001,32734.200466940052
HKG,2002,33038.150049321375
HKG,2003,33594.31626064747
HKG,2004,36052.99121829005
HKG,2005,38191.8984279571
HKG,2006,40172.8543686446
HKG,2007,42230.88634988074
HKG,2008,42635.48025605869
HKG,2009,41076.234343140764
HKG,2010,43170.55153428085
HKG,2011,44532
HKG,2012,44795.11029492749
HKG,2013,45997.88881359396
HKG,2014,46941.584477114244
HKG,2015,47653.696401574525
HKG,2016,48385.115024602404
HKG,2017,49841.456072608664
HKG,2018,50847.72135557016
HKG,2019,49631.06158931615
HKG,2020,46550.256038765154
HKG,2021,50006.34792486015
HKG,2022,48289.38231234516
HND,1960,2147
HND,1961,2130
HND,1962,2174
HND,1963,2177
HND,1964,2209
HND,1965,2314
HND,1966,2364
HND,1967,2410
HND,1968,2463
HND,1969,2396
HND,1970,2391
HND,1971,2404
HND,1972,2448
HND,1973,2544
HND,1974,2797
HND,1975,2764
HND,1976,2954
HND,1977,3153
HND,1978,3346
HND,1979,3382
HND,1980,3282
HND,1981,3231
HND,1982,3076
HND,1983,2947
HND,1984,2968
HND,1985,2982
HND,1986,2898
HND,1987,2970
HND,1988,3009
HND,1989,3045
HND,1990,2960
HND,1991,2993.1240094653144
HND,1992,3094.547750180062
HND,1993,3216.880474563878
HND,1994,3105.972043854534
HND,1995,3163.826279834214
HND,1996,3210.2702916527714
HND,1997,3303.2674734599764
HND,1998,3332.9067162957103
HND,1999,3215.1847327603577
HND,2000,3335.7153697540925
HND,2001,3365.232992745498
HND,2002,3431.251226302898
HND,2003,3527.121790685213
HND,2004,3686.666861186227
HND,2005,3851.055431267789
HND,2006,4045.2976250507822
HND,2007,4237.30196547177
HND,2008,4358.762942315819
HND,2009,4200.160537818666
HND,2010,4305.892041781792
HND,2011,4421
HND,2012,4518
HND,2013,4561
HND,2014,4620
HND,2015,4706
HND,2016,4803.28043081604
HND,2017,4949.025285961729
HND,2018,5052.2056964208305
HND,2019,5099.814302392386
HND,2020,4567.885690671236
HND,2021,5062.118729298094
HND,2022,5186.530263450101
HRV,1960,5067
HRV,1961,5404
HRV,1962,5509
HRV,1963,6059
HRV,1964,6591
HRV,1965,6741
HRV,1966,7184
HRV,1967,7382
HRV,1968,7667
HRV,1969,8209
HRV,1970,8751
HRV,1971,9414
HRV,1972,9631
HRV,1973,9969
HRV,1974,10786
HRV,1975,11053
HRV,1976,11469
HRV,1977,12385
HRV,1978,13265
HRV,1979,13994
HRV,1980,14193
HRV,1981,14182
HRV,1982,14123
HRV,1983,13841
HRV,1984,14104
HRV,1985,14067
HRV,1986,14416
HRV,1987,14362
HRV,1988,14207
HRV,1989,13959
HRV,1990,12948
HRV,1991,10296.1907490574
HRV,1992,9331.89265228301
HRV,1993,8739.540239430573
HRV,1994,9352.583982835995
HRV,1995,10180.251534007484
HRV,1996,11030.079309403567
HRV,1997,11997.593091916227
HRV,1998,12476.046525867669
HRV,1999,12579.876775136643
HRV,2000,13244.540749737042
HRV,2001,13817.680764867187
HRV,2002,14683.83770312071
HRV,2003,15740.498559112391
HRV,2004,16628.57444367401
HRV,2005,17581.358351181756
HRV,2006,18707.490861564835
HRV,2007,19984.037431196295
HRV,2008,20717.315738830694
HRV,2009,19501.588594766195
HRV,2010,19511.3503059546
HRV,2011,19813
HRV,2012,19413.892436251732
HRV,2013,19402.938024373812
HRV,2014,19403.59466246813
HRV,2015,20025.753464687557
HRV,2016,20915.22731890756
HRV,2017,21852.020568061376
HRV,2018,22678.03435094451
HRV,2019,23590.277456647196
HRV,2020,21672.47793772927
HRV,2021,25059.94666497539
HRV,2022,26986.75134468592
HTI,1960,1809
HTI,1961,1702
HTI,1962,1828
HTI,1963,1675
HTI,1964,1604
HTI,1965,1588
HTI,1966,1546
HTI,1967,1482
HTI,1968,1510
HTI,1969,1527
HTI,1970,1567
HTI,1971,1651
HTI,1972,1635
HTI,1973,1678
HTI,1974,1742
HTI,1975,1726
HTI,1976,1835
HTI,1977,1808
HTI,1978,1859
HTI,1979,1959
HTI,1980,2063
HTI,1981,1964
HTI,1982,1855
HTI,1983,1835
HTI,1984,1803
HTI,1985,1776
HTI,1986,1729
HTI,1987,1682
HTI,1988,1701
HTI,1989,1619
HTI,1990,1602
HTI,1991,1628.7187828396118
HTI,1992,1535.970673148007
HTI,1993,1443.1808409183943
HTI,1994,1262.337056938873
HTI,1995,1378.5416903588186
HTI,1996,1426.4125543445498
HTI,1997,1456.233862680955
HTI,1998,1480.5769214979248
HTI,1999,1513.3318271761614
HTI,2000,1520.7292353637617
HTI,2001,1501.1024655367003
HTI,2002,1494.183677303327
HTI,2003,1495.8921279730891
HTI,2004,1439.2076587890158
HTI,2005,1461.800049352979
HTI,2006,1493.0381883452285
HTI,2007,1541.7674392197964
HTI,2008,1555.4931929743498
HTI,2009,1604.112720904786
HTI,2010,1556.5504333413041
HTI,2011,1648
HTI,2012,1674
HTI,2013,1722
HTI,2014,1749
HTI,2015,1742
HTI,2016,1748.726927372147
HTI,2017,1767.9230045060708
HTI,2018,1773.109548514298
HTI,2019,1719.4462228532534
HTI,2020,1641.7617050038757
HTI,2021,1591.760015319581
HTI,2022,1546.42219420341
HUN,1960,5816
HUN,1961,6083
HUN,1962,6315
HUN,1963,6644
HUN,1964,6994
HUN,1965,7029
HUN,1966,7406
HUN,1967,7801
HUN,1968,7865
HUN,1969,8069
HUN,1970,8015
HUN,1971,8349
HUN,1972,8505
HUN,1973,8920
HUN,1974,9111
HUN,1975,9253
HUN,1976,9231
HUN,1977,9765
HUN,1978,9967
HUN,1979,9964
HUN,1980,10052
HUN,1981,10123
HUN,1982,10493
HUN,1983,10401
HUN,1984,10696
HUN,1985,10452
HUN,1986,10678
HUN,1987,10861
HUN,1988,11207
HUN,1989,11003
HUN,1990,10296
HUN,1991,9255.90961746882
HUN,1992,9153.920824393477
HUN,1993,9294.464013631381
HUN,1994,9772.223487554455
HUN,1995,10134.833886895496
HUN,1996,10359.18141128738
HUN,1997,10942.325887995117
HUN,1998,11663.028515253676
HUN,1999,12316.723995874505
HUN,2000,13129.273107833118
HUN,2001,13933.561262454807
HUN,2002,14899.306265101266
HUN,2003,15829.899936480215
HUN,2004,16999.005514218454
HUN,2005,18140.61741786459
HUN,2006,19253.063137393667
HUN,2007,19763.790665712164
HUN,2008,20380.631763897556
HUN,2009,19461.070328242917
HUN,2010,20036.334653663314
HUN,2011,20886
HUN,2012,20731.670063284007
HUN,2013,21163.564092773035
HUN,2014,22118.75004819955
HUN,2015,22993.37507631797
HUN,2016,23568.925742708747
HUN,2017,24641.19805653534
HUN,2018,25995.509005591048
HUN,2019,27272.312084521
HUN,2020,26091.400329999437
HUN,2021,28085.962226124888
HUN,2022,29451.85578718789
IDN,1960,1613
IDN,1961,1690
IDN,1962,1653
IDN,1963,1557
IDN,1964,1583
IDN,1965,1567
IDN,1966,1535
IDN,1967,1470
IDN,1968,1580
IDN,1969,1739
IDN,1970,1882
IDN,1971,1946
IDN,1972,2117
IDN,1973,2375
IDN,1974,2439
IDN,1975,2386
IDN,1976,2536
IDN,1977,2670
IDN,1978,2727
IDN,1979,2810
IDN,1980,2981
IDN,1981,3119
IDN,1982,2941
IDN,1983,2994
IDN,1984,3134
IDN,1985,3143
IDN,1986,3269
IDN,1987,3370
IDN,1988,3500
IDN,1989,3747
IDN,1990,4007
IDN,1991,4310.777914335127
IDN,1992,4536.40989932572
IDN,1993,4837.131347219098
IDN,1994,5140.024967063988
IDN,1995,5494.9037123421485
IDN,1996,5851.295543955146
IDN,1997,6055.848459302033
IDN,1998,5203.579443214507
IDN,1999,5186.713407904092
IDN,2000,5384.386660454885
IDN,2001,5526.147336168685
IDN,2002,5720.28186272957
IDN,2003,5938.877796230632
IDN,2004,6180.909971145314
IDN,2005,6482.0120838929315
IDN,2006,6782.62453186025
IDN,2007,7157.313201750369
IDN,2008,7633.165795995926
IDN,2009,7935.844291513395
IDN,2010,8386.43318624644
IDN,2011,8849
IDN,2012,9272.009119772563
IDN,2013,9676.147241246144
IDN,2014,10050.716853723687
IDN,2015,10432.30479116771
IDN,2016,10849.669581175413
IDN,2017,11292.258408524542
IDN,2018,11768.467550581036
IDN,2019,12250.278163963407
IDN,2020,11895.075330697577
IDN,2021,12233.968593294914
IDN,2022,12801.67093446864
IND,1960,1200
IND,1961,1208
IND,1962,1208
IND,1963,1242
IND,1964,1309
IND,1965,1229
IND,1966,1215
IND,1967,1286
IND,1968,1290
IND,1969,1347
IND,1970,1384
IND,1971,1364
IND,1972,1329
IND,1973,1360
IND,1974,1344
IND,1975,1430
IND,1976,1417
IND,1977,1494
IND,1978,1540
IND,1979,1427
IND,1980,1495
IND,1981,1557
IND,1982,1570
IND,1983,1663
IND,1984,1690
IND,1985,1720
IND,1986,1755
IND,1987,1793
IND,1988,1938
IND,1989,2024
IND,1990,2087
IND,1991,2062.3101938964883
IND,1992,2115.257442888654
IND,1993,2176.4277546796197
IND,1994,2254.8988565309332
IND,1995,2355.963213949457
IND,1996,2475.56805896638
IND,1997,2514.0217106960536
IND,1998,2611.781380479922
IND,1999,2707.7406339436475
IND,2000,2753.08550705882
IND,2001,2837.8555311499513
IND,2002,2870.9236333256918
IND,2003,3035.9225160240767
IND,2004,3212.5110336341645
IND,2005,3396.6487023021523
IND,2006,3629.4110758938496
IND,2007,3870.6989456960296
IND,2008,4030.654378070055
IND,2009,4270.707793828763
IND,2010,4525.745476807693
IND,2011,4768
IND,2012,4982.083174923584
IND,2013,5224.144726688181
IND,2014,5524.114583596415
IND,2015,5869.846531869248
IND,2016,6326.064423371508
IND,2017,6638.727716492645
IND,2018,7046.436408458912
IND,2019,7293.989586302366
IND,2020,6730.546822014761
IND,2021,7315.121362710703
IND,2022,7765.592962073302
IRL,1960,6825
IRL,1961,7186
IRL,1962,7390
IRL,1963,7685
IRL,1964,7948
IRL,1965,8051
IRL,1966,8097
IRL,1967,8531
IRL,1968,9197
IRL,1969,9706
IRL,1970,9881
IRL,1971,10128
IRL,1972,10621
IRL,1973,10946
IRL,1974,11225
IRL,1975,11662
IRL,1976,11639
IRL,1977,12425
IRL,1978,13150
IRL,1979,13335
IRL,1980,13614
IRL,1981,13893
IRL,1982,14061
IRL,1983,13931
IRL,1984,14435
IRL,1985,14834
IRL,1986,14768
IRL,1987,15458
IRL,1988,16313
IRL,1989,17343
IRL,1990,18838
IRL,1991,19253.943451180472
IRL,1992,20032.718690376718
IRL,1993,20627.07857240413
IRL,1994,22004.813915300332
IRL,1995,24266.142215191514
IRL,1996,26562.90898441493
IRL,1997,29455.920349476623
IRL,1998,31908.647904032827
IRL,1999,35377.16219328252
IRL,2000,38806.50135741528
IRL,2001,40966.33297006363
IRL,2002,43012.8146170694
IRL,2003,44372.75640648108
IRL,2004,47028.86473517585
IRL,2005,49223.383055229664
IRL,2006,51296.19441464795
IRL,2007,52322.23125306971
IRL,2008,49583.14152629393
IRL,2009,47375.73453925263
IRL,2010,48623.81051558438
IRL,2011,48980
IRL,2012,47360.089597748025
IRL,2013,48181.235981012556
IRL,2014,50732.345955199584
IRL,2015,53196.599376056205
IRL,2016,53686.843511572435
IRL,2017,55465.65182610588
IRL,2018,58083.44769518441
IRL,2019,59733.91176779393
IRL,2020,55134.85649890633
IRL,2021,57278.42345862671
IRL,2022,60257.083715207715
IRN,1960,3437
IRN,1961,3622
IRN,1962,3586
IRN,1963,3867
IRN,1964,4026
IRN,1965,4388
IRN,1966,4686
IRN,1967,5062
IRN,1968,5659
IRN,1969,6212
IRN,1970,6677
IRN,1971,7296
IRN,1972,8247
IRN,1973,8706
IRN,1974,9210
IRN,1975,9377
IRN,1976,10665
IRN,1977,10205
IRN,1978,8710
IRN,1979,7678
IRN,1980,6334
IRN,1981,5887
IRN,1982,6535
IRN,1983,7108
IRN,1984,6951
IRN,1985,6853
IRN,1986,5984
IRN,1987,5713
IRN,1988,5249
IRN,1989,5303
IRN,1990,5620
IRN,1991,6380.549889731056
IRN,1992,7036.31509003198
IRN,1993,6914.766598101254
IRN,1994,6884.7061961862
IRN,1995,7093.734930216464
IRN,1996,7746.409015083896
IRN,1997,8113.724178576165
IRN,1998,8458.386358180955
IRN,1999,8714.626643387242
IRN,2000,9104.762991179769
IRN,2001,9620.626663182067
IRN,2002,10467.370641552168
IRN,2003,11502.852158609781
IRN,2004,12404.323660768203
IRN,2005,13110.142347710525
IRN,2006,14185.753313532063
IRN,2007,15467.10742416923
IRN,2008,15739.983881581285
IRN,2009,16575.071120040935
IRN,2010,17751.330795081885
IRN,2011,18024
IRN,2012,17556.53301880436
IRN,2013,16842.896925218112
IRN,2014,17449.937473101483
IRN,2015,16922.88101385683
IRN,2016,17738.059459515636
IRN,2017,18416.47870783314
IRN,2018,18154.532900416267
IRN,2019,17400.414329628675
IRN,2020,17296.263711327592
IRN,2021,18052.368971167973
IRN,2022,18473.065452494615
IRQ,1960,4360
IRQ,1961,4720
IRQ,1962,4809
IRQ,1963,4578
IRQ,1964,4965
IRQ,1965,5241
IRQ,1966,5338
IRQ,1967,5043
IRQ,1968,5745
IRQ,1969,5745
IRQ,1970,5536
IRQ,1971,5686
IRQ,1972,5297
IRQ,1973,5982
IRQ,1974,6097
IRQ,1975,6878
IRQ,1976,8007
IRQ,1977,7957
IRQ,1978,9075
IRQ,1979,10769
IRQ,1980,10165
IRQ,1981,8035
IRQ,1982,7704
IRQ,1983,6805
IRQ,1984,6593
IRQ,1985,6268
IRQ,1986,5992
IRQ,1987,6052
IRQ,1988,4635
IRQ,1989,4098
IRQ,1990,3918
IRQ,1991,1518.7420827848096
IRQ,1992,2046.1808843965366
IRQ,1993,2132.382324701761
IRQ,1994,2108.538005938978
IRQ,1995,1996.927799657097
IRQ,1996,2337.5226534014655
IRQ,1997,2337.9478790562657
IRQ,1998,2794.7864918705027
IRQ,1999,3157.11246136115
IRQ,2000,3649.492947483389
IRQ,2001,4147.648519530656
IRQ,2002,4631.652538346694
IRQ,2003,3782.4526380147104
IRQ,2004,6061.554618446105
IRQ,2005,6441.4102161774845
IRQ,2006,7117.6135054778115
IRQ,2007,7587.6056734255835
IRQ,2008,8587.264719996962
IRQ,2009,9268.7091555216
IRQ,2010,10274.330304873407
IRQ,2011,11484
IRQ,2012,12521.541228183441
IRQ,2013,12877.204591609185
IRQ,2014,12559.503483328872
IRQ,2015,12574.507434070307
IRQ,2016,14173.762245477823
IRQ,2017,13403.637262845936
IRQ,2018,13724.742070997776
IRQ,2019,14203.61758637821
IRQ,2020,11717.375296314593
IRQ,2021,12355.586949059647
IRQ,2022,13071.940065372299
ISL,1960,10959
ISL,1961,10728
ISL,1962,11435
ISL,1963,12366
ISL,1964,13386
ISL,1965,14100
ISL,1966,15058
ISL,1967,14642
ISL,1968,13648
ISL,1969,13880
ISL,1970,14830
ISL,1971,16606
ISL,1972,17366
ISL,1973,18277
ISL,1974,19054
ISL,1975,18935
ISL,1976,19877
ISL,1977,21465
ISL,1978,22579
ISL,1979,23443
ISL,1980,24528
ISL,1981,25284
ISL,1982,25477
ISL,1983,24605
ISL,1984,25357
ISL,1985,25990
ISL,1986,27439
ISL,1987,29576
ISL,1988,28934
ISL,1989,28652
ISL,1990,28760
ISL,1991,28258.016773918625
ISL,1992,26859.281947711668
ISL,1993,26833.80124049222
ISL,1994,27457.806857299725
ISL,1995,27235.833297278037
ISL,1996,28277.78713527553
ISL,1997,29939.14278341433
ISL,1998,31444.61598472512
ISL,1999,32186.931121894468
ISL,2000,33108.29099103723
ISL,2001,33794.45145581882
ISL,2002,33470.49477312857
ISL,2003,33920.70867149926
ISL,2004,36209.24391769578
ISL,2005,37884.05696917531
ISL,2006,38707.21313863168
ISL,2007,41111.15433172196
ISL,2008,40810.229086209285
ISL,2009,37701.851081884684
ISL,2010,36272.68701148201
ISL,2011,36740
ISL,2012,36933.89395710618
ISL,2013,38245.497349293546
ISL,2014,38463.028443709096
ISL,2015,39756.52712742219
ISL,2016,41682.867768726086
ISL,2017,42419.38447995987
ISL,2018,43321.06283185401
ISL,2019,43136.606957372525
ISL,2020,39368.39939902689
ISL,2021,40412.61674476612
ISL,2022,42145.593546320735
ISR,1960,7433
ISR,1961,7964
ISR,1962,8396
ISR,1963,8915
ISR,1964,9430
ISR,1965,9997
ISR,1966,9867
ISR,1967,9918
ISR,1968,11210
ISR,1969,12310
ISR,1970,12913
ISR,1971,13885
ISR,1972,15108
ISR,1973,15374
ISR,1974,15980
ISR,1975,16176
ISR,1976,16053
ISR,1977,15721
ISR,1978,16139
ISR,1979,16761
ISR,1980,17508
ISR,1981,18103
ISR,1982,18155
ISR,1983,18468
ISR,1984,18305
ISR,1985,18605
ISR,1986,19160
ISR,1987,20196
ISR,1988,20256
ISR,1989,20091
ISR,1990,20829
ISR,1991,20912.94059462437
ISR,1992,21531.596141653485
ISR,1993,21484.9793858044
ISR,1994,22128.804684392304
ISR,1995,23378.15952818054
ISR,1996,23979.995274983416
ISR,1997,24226.731187719328
ISR,1998,24506.160735323432
ISR,1999,24644.204273032487
ISR,2000,26058.840587072566
ISR,2001,25427.319382366648
ISR,2002,24823.552894204004
ISR,2003,24545.245047545737
ISR,2004,25210.87875613714
ISR,2005,25686.405701767577
ISR,2006,26571.255443271046
ISR,2007,27624.88310216695
ISR,2008,27857.61866769685
ISR,2009,27644.69749458088
ISR,2010,28575.531463220977
ISR,2011,29370
ISR,2012,29580.83529937477
ISR,2013,30316.601574343185
ISR,2014,30906.148225450244
ISR,2015,31050.40794692868
ISR,2016,31822.87480265819
ISR,2017,32549.81845035535
ISR,2018,33227.12511661866
ISR,2019,33951.890251752986
ISR,2020,32730.94254137353
ISR,2021,34969.01406308376
ISR,2022,36648.91695538968
ITA,1960,9430
ITA,1961,10158
ITA,1962,10882
ITA,1963,11576
ITA,1964,11934
ITA,1965,12111
ITA,1966,12659
ITA,1967,13476
ITA,1968,14513
ITA,1969,15248
ITA,1970,15492
ITA,1971,15683
ITA,1972,16035
ITA,1973,16950
ITA,1974,17607
ITA,1975,17123
ITA,1976,18147
ITA,1977,18599
ITA,1978,19230
ITA,1979,20275
ITA,1980,20959
ITA,1981,21041
ITA,1982,21123
ITA,1983,21345
ITA,1984,21868
ITA,1985,22469
ITA,1986,23106
ITA,1987,23824
ITA,1988,24743
ITA,1989,25454
ITA,1990,26003
ITA,1991,26570.363003676888
ITA,1992,26960.610843483308
ITA,1993,26902.398223124954
ITA,1994,27668.257997101344
ITA,1995,28666.35229534556
ITA,1996,29231.2756037388
ITA,1997,29960.69977713035
ITA,1998,30649.629116416458
ITA,1999,31340.481406663963
ITA,2000,32716.980050789483
ITA,2001,33511.43329684468
ITA,2002,33780.05399122097
ITA,2003,33917.79936684082
ITA,2004,34472.12756983194
ITA,2005,34872.12660694891
ITA,2006,35713.80418293189
ITA,2007,36310.7349426204
ITA,2008,35942.93934612822
ITA,2009,34055.22557284515
ITA,2010,34765.93789539188
ITA,2011,35151
ITA,2012,34010.03518715312
ITA,2013,33317.24412503938
ITA,2014,33310.70502999905
ITA,2015,33620.74085374743
ITA,2016,34120.422176858934
ITA,2017,34754.7701679821
ITA,2018,35149.822737797
ITA,2019,35407.241128719455
ITA,2020,32385.32709510664
ITA,2021,34827.13496942706
ITA,2022,36224.29371800584
JAM,1960,4230
JAM,1961,4307
JAM,1962,4339
JAM,1963,4395
JAM,1964,4629
JAM,1965,4894
JAM,1966,4988
JAM,1967,5066
JAM,1968,5235
JAM,1969,5547
JAM,1970,6135
JAM,1971,6062
JAM,1972,6150
JAM,1973,6583
JAM,1974,6229
JAM,1975,6129
JAM,1976,5681
JAM,1977,5501
JAM,1978,5482
JAM,1979,5318
JAM,1980,4975
JAM,1981,5040
JAM,1982,5019
JAM,1983,5117
JAM,1984,5059
JAM,1985,4814
JAM,1986,4884
JAM,1987,5254
JAM,1988,5397
JAM,1989,5748
JAM,1990,6035
JAM,1991,6116.583318077087
JAM,1992,6292.028858163386
JAM,1993,6414.47499695309
JAM,1994,6517.051589697604
JAM,1995,6656.283221580563
JAM,1996,6648.933156931844
JAM,1997,6523.636361939611
JAM,1998,6432.652956466898
JAM,1999,6485.322820069727
JAM,2000,6531.284758137969
JAM,2001,6615.192956377066
JAM,2002,6660.763022472471
JAM,2003,6908.666752574545
JAM,2004,7004.984536464446
JAM,2005,7073.770270170164
JAM,2006,7286.966682587152
JAM,2007,7402.178408572077
JAM,2008,7353.1071268786445
JAM,2009,7115.373072990181
JAM,2010,7025.930177209058
JAM,2011,7141
JAM,2012,7119.505553796556
JAM,2013,7147.53380579895
JAM,2014,7198.430289774914
JAM,2015,7268.231183366261
JAM,2016,7381.332418247254
JAM,2017,7433.147104870266
JAM,2018,7569.062750933488
JAM,2019,7641.0816460298365
JAM,2020,6880.488352713083
JAM,2021,7193.106273759636
JAM,2022,7481.66835778115
JOR,1960,3714
JOR,1961,4280
JOR,1962,4176
JOR,1963,4222
JOR,1964,4752
JOR,1965,5074
JOR,1966,5000
JOR,1967,4876
JOR,1968,4262
JOR,1969,4420
JOR,1970,3818
JOR,1971,3771
JOR,1972,3754
JOR,1973,3806
JOR,1974,3995
JOR,1975,4117
JOR,1976,4935
JOR,1977,5072
JOR,1978,5926
JOR,1979,6247
JOR,1980,7141
JOR,1981,7176
JOR,1982,7401
JOR,1983,7262
JOR,1984,7599
JOR,1985,7578
JOR,1986,7973
JOR,1987,7911
JOR,1988,7571
JOR,1989,6540
JOR,1990,6044
JOR,1991,5900.509320292871
JOR,1992,6456.12314842036
JOR,1993,6460.662824138845
JOR,1994,6538.173254234838
JOR,1995,6760.108465082189
JOR,1996,6783.22904950219
JOR,1997,6942.458967216002
JOR,1998,7120.493691528883
JOR,1999,7340.493689376685
JOR,2000,7621.840619610805
JOR,2001,7982.74070250386
JOR,2002,8394.055084111911
JOR,2003,8669.624649470688
JOR,2004,9288.616596052056
JOR,2005,9860.808145249524
JOR,2006,10404.5617208557
JOR,2007,10938.804383314186
JOR,2008,11378.256259399659
JOR,2009,11651.249751167961
JOR,2010,11601.087537414785
JOR,2011,11615
JOR,2012,11704.65707101586
JOR,2013,10834.426020005507
JOR,2014,9765.810696665814
JOR,2015,9307.248097850334
JOR,2016,9149.412159168985
JOR,2017,9186.47642490901
JOR,2018,9174.501423959839
JOR,2019,9166.066669962705
JOR,2020,8896.382551027444
JOR,2021,9019.89487021807
JOR,2022,9151.478800964958
JPN,1960,6354
JPN,1961,7055
JPN,1962,7614
JPN,1963,8176
JPN,1964,9035
JPN,1965,9459
JPN,1966,10370
JPN,1967,11400
JPN,1968,12725
JPN,1969,14145
JPN,1970,15484
JPN,1971,16004
JPN,1972,17110
JPN,1973,18226
JPN,1974,17765
JPN,1975,18082
JPN,1976,18600
JPN,1977,19230
JPN,1978,20060
JPN,1979,20982
JPN,1980,21404
JPN,1981,21924
JPN,1982,22440
JPN,1983,22805
JPN,1984,23548
JPN,1985,24437
JPN,1986,24992
JPN,1987,25904
JPN,1988,27393
JPN,1989,28601
JPN,1990,29949
JPN,1991,30837.43073704086
JPN,1992,30977.814490431163
JPN,1993,30920.659268311716
JPN,1994,31135.427225745778
JPN,1995,31887.277635764545
JPN,1996,32784.158185979286
JPN,1997,33038.29300139854
JPN,1998,32558.186616065806
JPN,1999,32394.51549054036
JPN,2000,33210.80781599041
JPN,2001,33246.39206634778
JPN,2002,33195.400475895716
JPN,2003,33619.94807056829
JPN,2004,34313.55688470585
JPN,2005,34857.755819604856
JPN,2006,35333.11309237394
JPN,2007,35892.7127732509
JPN,2008,35496.22745171
JPN,2009,33590.01094460268
JPN,2010,35011.4025017665
JPN,2011,34979
JPN,2012,35537.438764156825
JPN,2013,36312.34651581893
JPN,2014,36440.2154003201
JPN,2015,37053.174046739085
JPN,2016,37384.55705421662
JPN,2017,38078.962271887904
JPN,2018,38403.68119500713
JPN,2019,38332.93526364285
JPN,2020,36826.638969213906
JPN,2021,37678.275798449475
JPN,2022,38268.788301490815
KAZ,1960,NA
KAZ,1961,NA
KAZ,1962,NA
KAZ,1963,NA
KAZ,1964,NA
KAZ,1965,NA
KAZ,1966,NA
KAZ,1967,NA
KAZ,1968,NA
KAZ,1969,NA
KAZ,1970,NA
KAZ,1971,NA
KAZ,1972,NA
KAZ,1973,12154
KAZ,1974,NA
KAZ,1975,NA
KAZ,1976,NA
KAZ,1977,NA
KAZ,1978,NA
KAZ,1979,NA
KAZ,1980,11899
KAZ,1981,11604
KAZ,1982,11322
KAZ,1983,11735
KAZ,1984,11553
KAZ,1985,11545
KAZ,1986,11576
KAZ,1987,11389
KAZ,1988,12256
KAZ,1989,12153
KAZ,1990,11888
KAZ,1991,10557.11546438078
KAZ,1992,10012.611157722837
KAZ,1993,9173.637280947605
KAZ,1994,8178.790803694124
KAZ,1995,7674.063238419553
KAZ,1996,7826.857651200674
KAZ,1997,8093.795999765463
KAZ,1998,8088.648031706908
KAZ,1999,8421.348060463917
KAZ,2000,9309.419465185802
KAZ,2001,10589.102835279045
KAZ,2002,11640.180095676627
KAZ,2003,12726.286825699914
KAZ,2004,13929.729757013873
KAZ,2005,15233.840763004664
KAZ,2006,16786.554765093286
KAZ,2007,18181.05982153986
KAZ,2008,18665.76533203543
KAZ,2009,18750.540283577073
KAZ,2010,19964.529922988575
KAZ,2011,21302
KAZ,2012,22089.923718804268
KAZ,2013,23110.025408993835
KAZ,2014,23819.74787260592
KAZ,2015,23782.56175517557
KAZ,2016,23731.51139526774
KAZ,2017,24396.7787940787
KAZ,2018,25142.706513208348
KAZ,2019,26026.063990443567
KAZ,2020,25124.48654506269
KAZ,2021,25936.38276048782
KAZ,2022,26491.8568103925
KEN,1960,1157
KEN,1961,1093
KEN,1962,1117
KEN,1963,1138
KEN,1964,1208
KEN,1965,1184
KEN,1966,1294
KEN,1967,1317
KEN,1968,1366
KEN,1969,1404
KEN,1970,1458
KEN,1971,1500
KEN,1972,1524
KEN,1973,1546
KEN,1974,1564
KEN,1975,1502
KEN,1976,1503
KEN,1977,1580
KEN,1978,1656
KEN,1979,1651
KEN,1980,1675
KEN,1981,1647
KEN,1982,1680
KEN,1983,1627
KEN,1984,1594
KEN,1985,1604
KEN,1986,1658
KEN,1987,1698
KEN,1988,1741
KEN,1989,1761
KEN,1990,1780
KEN,1991,1777.7837805486379
KEN,1992,1724.8744312691024
KEN,1993,1698.2541462243673
KEN,1994,1729.717161151452
KEN,1995,1789.894544052528
KEN,1996,1851.2813821524276
KEN,1997,1846.373835766398
KEN,1998,1889.9731036684593
KEN,1999,1920.8339449326857
KEN,2000,1914.8863918102004
KEN,2001,1972.3811061400118
KEN,2002,1961.8949398416116
KEN,2003,1997.776820025734
KEN,2004,2066.210198119626
KEN,2005,2157.841569544736
KEN,2006,2255.2585651583754
KEN,2007,2380.7763326176305
KEN,2008,2357.2325411299603
KEN,2009,2404.629579916276
KEN,2010,2579.5309176535393
KEN,2011,2712
KEN,2012,2754.7645339718642
KEN,2013,2786.1372064414063
KEN,2014,2852.933016462436
KEN,2015,2921.342653418094
KEN,2016,2975.479467174077
KEN,2017,3020.9817782496148
KEN,2018,3120.4313827317205
KEN,2019,3207.2622939310386
KEN,2020,3129.5852831150996
KEN,2021,3292.7584367959853
KEN,2022,3403.923807340963
KGZ,1960,NA
KGZ,1961,NA
KGZ,1962,NA
KGZ,1963,NA
KGZ,1964,NA
KGZ,1965,NA
KGZ,1966,NA
KGZ,1967,NA
KGZ,1968,NA
KGZ,1969,NA
KGZ,1970,NA
KGZ,1971,NA
KGZ,1972,NA
KGZ,1973,5941
KGZ,1974,NA
KGZ,1975,NA
KGZ,1976,NA
KGZ,1977,NA
KGZ,1978,NA
KGZ,1979,NA
KGZ,1980,5848
KGZ,1981,5789
KGZ,1982,5726
KGZ,1983,5992
KGZ,1984,5952
KGZ,1985,5616
KGZ,1986,5413
KGZ,1987,5241
KGZ,1988,5679
KGZ,1989,5719
KGZ,1990,5742
KGZ,1991,5161.904116044311
KGZ,1992,4362.11265416902
KGZ,1993,3764.9421123625634
KGZ,1994,2993.827819366951
KGZ,1995,2776.0303102192483
KGZ,1996,2901.554193957308
KGZ,1997,3114.6749563452076
KGZ,1998,3105.961049913123
KGZ,1999,3144.4611549683736
KGZ,2000,3246.3830690680416
KGZ,2001,3357.9930090418734
KGZ,2002,3299.2459997492856
KGZ,2003,3464.82014694552
KGZ,2004,3632.147095515402
KGZ,2005,3554.1856553323405
KGZ,2006,3594.565237588054
KGZ,2007,3831.494819860611
KGZ,2008,4046.7207864801944
KGZ,2009,4075.833939994029
KGZ,2010,3977.648892565457
KGZ,2011,4142
KGZ,2012,4103.819897525385
KGZ,2013,4509.751501507293
KGZ,2014,4644.326135023042
KGZ,2015,4772.759897971902
KGZ,2016,4925.409447470012
KGZ,2017,5104.140189948135
KGZ,2018,5226.480546487255
KGZ,2019,5412.708154201197
KGZ,2020,4899.061185204598
KGZ,2021,5035.927289811476
KGZ,2022,5304.840702135427
KHM,1960,1070
KHM,1961,1031
KHM,1962,1084
KHM,1963,1135
KHM,1964,1074
KHM,1965,1095
KHM,1966,1116
KHM,1967,1143
KHM,1968,1164
KHM,1969,1151
KHM,1970,1031
KHM,1971,980
KHM,1972,920
KHM,1973,1239
KHM,1974,1049
KHM,1975,925
KHM,1976,1025
KHM,1977,1143
KHM,1978,1291
KHM,1979,1325
KHM,1980,1320
KHM,1981,1301
KHM,1982,1358
KHM,1983,1412
KHM,1984,1476
KHM,1985,1540
KHM,1986,1578
KHM,1987,1490
KHM,1988,1473
KHM,1989,1455
KHM,1990,1404
KHM,1991,1425.045553471786
KHM,1992,1427.2857310323895
KHM,1993,1384.292501749733
KHM,1994,1416.463739162818
KHM,1995,1439.2865435327358
KHM,1996,1450.5251233663794
KHM,1997,1466.3666982038446
KHM,1998,1476.2960083316154
KHM,1999,1586.2104587694364
KHM,2000,1659.0890898348373
KHM,2001,1726.471284318923
KHM,2002,1770.9571137654855
KHM,2003,1850.2042883747308
KHM,2004,1965.8786389334944
KHM,2005,2144.844986180705
KHM,2006,2286.3846663963645
KHM,2007,2422.7565010500275
KHM,2008,2482.006831285139
KHM,2009,2433.306125136748
KHM,2010,2426.686966284998
KHM,2011,2496
KHM,2012,2649.3060781211075
KHM,2013,2813.6703885181205
KHM,2014,2982.72858537496
KHM,2015,3149.874166498582
KHM,2016,3312.0814919050836
KHM,2017,3488.595142985761
KHM,2018,3692.4299528391257
KHM,2019,3896.797803857532
KHM,2020,3728.1984161734877
KHM,2021,3796.4843887752886
KHM,2022,3944.2467702969593
KOR,1960,1547.6917726385554
KOR,1961,1605.8467768315745
KOR,1962,1620.4901655138297
KOR,1963,1720.8241206727103
KOR,1964,1834.9778125413961
KOR,1965,1917.4283186799933
KOR,1966,2093.8879813279277
KOR,1967,2232.0535060559173
KOR,1968,2468.4835845801817
KOR,1969,2764.1533662615707
KOR,1970,2974.8072732956584
KOR,1971,3221.6744937750714
KOR,1972,3387.8905346118213
KOR,1973,3822.045799463185
KOR,1974,4112.601325032374
KOR,1975,4362.006746706523
KOR,1976,4855.940724881614
KOR,1977,5367.794887355466
KOR,1978,5856.49651833948
KOR,1979,6265.886205249983
KOR,1980,6064.040092821813
KOR,1981,6398.8511360217
KOR,1982,6821.474936083777
KOR,1983,7611.734139861028
KOR,1984,8303.518986307037
KOR,1985,8859.355336346227
KOR,1986,9756.205450692703
KOR,1987,10864.97413160522
KOR,1988,12039.9457868355
KOR,1989,12759.489612075165
KOR,1990,13874
KOR,1991,15056.160326567746
KOR,1992,15712.0022092603
KOR,1993,16503.433857817592
KOR,1994,17720.395308373292
KOR,1995,19089.299125574842
KOR,1996,20204.56136547132
KOR,1997,21055.94615644955
KOR,1998,19624.6915876868
KOR,1999,21540.692575222503
KOR,2000,23108.017536761676
KOR,2001,23804.43768515713
KOR,2002,25250.637414954017
KOR,2003,25679.246561200725
KOR,2004,26646.503286459843
KOR,2005,27443.283376883013
KOR,2006,28516.483775556775
KOR,2007,29716.570420277818
KOR,2008,30117.728576767182
KOR,2009,29967.563070262888
KOR,2010,31537.772927179314
KOR,2011,32225
KOR,2012,32826.48165051375
KOR,2013,33711.65548677562
KOR,2014,34573.08841234377
KOR,2015,35357.51986279728
KOR,2016,36255.23836314979
KOR,2017,37296.045713096246
KOR,2018,38214.32540521402
KOR,2019,38935.992061269324
KOR,2020,38606.98332035484
KOR,2021,40277.95211820309
KOR,2022,41320.89777310909
KWT,1960,45929
KWT,1961,41622
KWT,1962,42150
KWT,1963,40377
KWT,1964,40333
KWT,1965,37511
KWT,1966,38335
KWT,1967,35720
KWT,1968,35546
KWT,1969,33415
KWT,1970,48927
KWT,1971,49302
KWT,1972,48283
KWT,1973,42542
KWT,1974,34962
KWT,1975,28950
KWT,1976,28956
KWT,1977,26168
KWT,1978,26363
KWT,1979,28174
KWT,1980,21154
KWT,1981,16402
KWT,1982,13845
KWT,1983,14292
KWT,1984,14384
KWT,1985,13015
KWT,1986,13509
KWT,1987,12416
KWT,1988,12317
KWT,1989,12701
KWT,1990,9757
KWT,1991,6310.906841937073
KWT,1992,12965.066926616888
KWT,1993,19955.314329145524
KWT,1994,24532.413492222786
KWT,1995,27552.960982288823
KWT,1996,29612.660098999528
KWT,1997,31511.19130335695
KWT,1998,33331.29862444811
KWT,1999,33351.194990545264
KWT,2000,35844.74752408508
KWT,2001,37225.869410475396
KWT,2002,39943.14816272846
KWT,2003,48809.71276230893
KWT,2004,55911.79359991091
KWT,2005,62959.60142173128
KWT,2006,68546.14288731133
KWT,2007,73096.87097345167
KWT,2008,75138.1196927745
KWT,2009,70072.72938394904
KWT,2010,68865.3096214215
KWT,2011,77126
KWT,2012,80657.13443775402
KWT,2013,80098.63837776096
KWT,2014,79103.41717825482
KWT,2015,78261.19827106388
KWT,2016,79289.1733374591
KWT,2017,74427.02713451623
KWT,2018,75163.98076945363
KWT,2019,73748.43881057002
KWT,2020,66365.99082465029
KWT,2021,66418.20573419507
KWT,2022,71533.5138641709
LAO,1960,771
LAO,1961,779
LAO,1962,787
LAO,1963,794
LAO,1964,802
LAO,1965,810
LAO,1966,818
LAO,1967,826
LAO,1968,834
LAO,1969,842
LAO,1970,850
LAO,1971,875
LAO,1972,886
LAO,1973,944
LAO,1974,958
LAO,1975,999
LAO,1976,1023
LAO,1977,993
LAO,1978,991
LAO,1979,966
LAO,1980,1054
LAO,1981,1199
LAO,1982,1256
LAO,1983,1283
LAO,1984,1344
LAO,1985,1382
LAO,1986,1409
LAO,1987,1350
LAO,1988,1286
LAO,1989,1428
LAO,1990,1481
LAO,1991,1512.4798702285682
LAO,1992,1563.9057366520678
LAO,1993,1622.5545160828326
LAO,1994,1718.1158562984879
LAO,1995,1801.5440155534436
LAO,1996,1899.895867309289
LAO,1997,2002.2359892027025
LAO,1998,2050.8838106292883
LAO,1999,2167.7796233975246
LAO,2000,2262.235649025405
LAO,2001,2365.1033363545753
LAO,2002,2486.9891913870906
LAO,2003,2625.348218633138
LAO,2004,2784.680091441686
LAO,2005,2948.699618236258
LAO,2006,2896.1354787623054
LAO,2007,3389.364066917482
LAO,2008,3614.4768268870844
LAO,2009,3843.8297499386563
LAO,2010,4114.010276081498
LAO,2011,4401
LAO,2012,4670
LAO,2013,4961
LAO,2014,5251
LAO,2015,5559
LAO,2016,5859.663318233265
LAO,2017,6168.17039874989
LAO,2018,6454.777867001544
LAO,2019,6706.006344744449
LAO,2020,6824.144154116059
LAO,2021,6961.121418225251
LAO,2022,7168.190637426723
LBN,1960,5812
LBN,1961,6027
LBN,1962,6089
LBN,1963,5973
LBN,1964,6156
LBN,1965,6572
LBN,1966,6811
LBN,1967,6295
LBN,1968,6876
LBN,1969,6824
LBN,1970,7084
LBN,1971,7533
LBN,1972,8228
LBN,1973,8397
LBN,1974,8383
LBN,1975,5742
LBN,1976,2442
LBN,1977,4417
LBN,1978,4218
LBN,1979,4536
LBN,1980,4608
LBN,1981,4549
LBN,1982,2823
LBN,1983,3402
LBN,1984,4828
LBN,1985,5895
LBN,1986,5400
LBN,1987,6202
LBN,1988,4385
LBN,1989,2488
LBN,1990,3086
LBN,1991,4326.299404533239
LBN,1992,4618.005428583986
LBN,1993,5053.280309316094
LBN,1994,5585.666968395444
LBN,1995,6095.39700691427
LBN,1996,6567.400634391225
LBN,1997,6581.053121520845
LBN,1998,6994.156938647532
LBN,1999,7147.55479752894
LBN,2000,7405.707026321809
LBN,2001,7836.826603495309
LBN,2002,8248.10023107528
LBN,2003,8671.187789419218
LBN,2004,9491.610652176805
LBN,2005,9933.081890460695
LBN,2006,10236.86827626687
LBN,2007,11276.506686752524
LBN,2008,12479.10771337445
LBN,2009,14039.34617129224
LBN,2010,15622.367105111432
LBN,2011,16230
LBN,2012,16284.7630230297
LBN,2013,15145.569358256791
LBN,2014,13586.273768366233
LBN,2015,12982.721189076505
LBN,2016,13073.556155530463
LBN,2017,13209.283911936904
LBN,2018,13236.691613816594
LBN,2019,12854.796577078958
LBN,2020,10182.636876101324
LBN,2021,10573.861131356725
LBN,2022,10341.159377973654
LBR,1960,3674
LBR,1961,3663
LBR,1962,3612
LBR,1963,3598
LBR,1964,3679
LBR,1965,3639
LBR,1966,4208
LBR,1967,4065
LBR,1968,4136
LBR,1969,4309
LBR,1970,4457
LBR,1971,4544
LBR,1972,4568
LBR,1973,4603
LBR,1974,4616
LBR,1975,4326
LBR,1976,4415
LBR,1977,4339
LBR,1978,4463
LBR,1979,4546
LBR,1980,4138
LBR,1981,3862
LBR,1982,3813
LBR,1983,3572
LBR,1984,3443
LBR,1985,3269
LBR,1986,3129
LBR,1987,3084
LBR,1988,3070
LBR,1989,3054
LBR,1990,1690
LBR,1991,1568.4043286983122
LBR,1992,915.120585248132
LBR,1993,560.3330147474942
LBR,1994,418.12158214497464
LBR,1995,377.58008600533714
LBR,1996,391.0859171717719
LBR,1997,701.7853850108825
LBR,1998,772.6764682845994
LBR,1999,848.4211681365946
LBR,2000,971.9330161461147
LBR,2001,1097.2495869058737
LBR,2002,1342.758761250616
LBR,2003,851.9109502106338
LBR,2004,760.8757761095105
LBR,2005,755.2235910448753
LBR,2006,769.2929535293048
LBR,2007,768.2070408451428
LBR,2008,811.1580337845761
LBR,2009,838.4520362621203
LBR,2010,854.2349728657374
LBR,2011,820
LBR,2012,853
LBR,2013,900
LBR,2014,884
LBR,2015,865
LBR,2016,843.5262300831839
LBR,2017,848.2952239989679
LBR,2018,842.3757235618091
LBR,2019,807.3494040129257
LBR,2020,768.4054462244039
LBR,2021,790.2841169364428
LBR,2022,811.2146171951392
LBY,1960,1323
LBY,1961,1400
LBY,1962,1788
LBY,1963,2322
LBY,1964,3156
LBY,1965,3889
LBY,1966,4417
LBY,1967,4733
LBY,1968,6071
LBY,1969,6539
LBY,1970,6591
LBY,1971,6008
LBY,1972,6237
LBY,1973,6005
LBY,1974,6923
LBY,1975,6872
LBY,1976,8142
LBY,1977,8682
LBY,1978,8730
LBY,1979,9086
LBY,1980,8741
LBY,1981,6760
LBY,1982,6661
LBY,1983,6237
LBY,1984,5695
LBY,1985,6092
LBY,1986,5370
LBY,1987,4465
LBY,1988,4670
LBY,1989,4873
LBY,1990,4921
LBY,1991,5977.336924783058
LBY,1992,6113.3535083834295
LBY,1993,6190.681383145807
LBY,1994,6645.076570544713
LBY,1995,6898.952376397879
LBY,1996,7543.935430735358
LBY,1997,8422.214675783796
LBY,1998,8545.48067270692
LBY,1999,9064.067319389056
LBY,2000,9770.980438899314
LBY,2001,10354.482576624625
LBY,2002,10787.674732527088
LBY,2003,12870.574526176919
LBY,2004,14193.259007830184
LBY,2005,16538.556629333652
LBY,2006,18657.06165054426
LBY,2007,20731.717782800333
LBY,2008,25140.598828815706
LBY,2009,26403.78804299887
LBY,2010,29157.142083381335
LBY,2011,12893
LBY,2012,25302.51626186175
LBY,2013,20190.090227968107
LBY,2014,15154.098245791236
LBY,2015,14720.547614873803
LBY,2016,14219.171598320956
LBY,2017,18455.95253043557
LBY,2018,19504.555642363055
LBY,2019,16971.502279517455
LBY,2020,11741.864485139677
LBY,2021,14797.097464611928
LBY,2022,12755.20378686715
LCA,1960,1691
LCA,1961,1747
LCA,1962,1798
LCA,1963,1849
LCA,1964,1900
LCA,1965,1946
LCA,1966,1989
LCA,1967,2036
LCA,1968,2091
LCA,1969,2150
LCA,1970,2203
LCA,1971,2265
LCA,1972,2279
LCA,1973,2268
LCA,1974,2356
LCA,1975,2428
LCA,1976,2820
LCA,1977,3027
LCA,1978,3196
LCA,1979,3247
LCA,1980,3011
LCA,1981,3051
LCA,1982,3102
LCA,1983,3229
LCA,1984,3403
LCA,1985,3606
LCA,1986,4157
LCA,1987,4224
LCA,1988,4779
LCA,1989,5093
LCA,1990,5203
LCA,1991,5270.254596019766
LCA,1992,5737.28842208217
LCA,1993,5804.055737735578
LCA,1994,5945.768565259041
LCA,1995,6095.830092752419
LCA,1996,6330.934458708241
LCA,1997,6344.784646072032
LCA,1998,6831.229608176917
LCA,1999,7111.868498438591
LCA,2000,7191.274730625037
LCA,2001,7014.288076158722
LCA,2002,7141.754537060838
LCA,2003,7602.128975099487
LCA,2004,8322.345450112154
LCA,2005,8418.911481220062
LCA,2006,9135.339530732512
LCA,2007,9377.895824374842
LCA,2008,9931.684182477486
LCA,2009,10061.634176036254
LCA,2010,10058.623167880573
LCA,2011,10255
LCA,2012,10067
LCA,2013,10037
LCA,2014,10035
LCA,2015,10185
LCA,2016,10486.955408239572
LCA,2017,10796.24708512731
LCA,2018,11060.510536581327
LCA,2019,10977.81895925403
LCA,2020,8164.906432742802
LCA,2021,9067.72075035536
LCA,2022,10452.164586324086
LKA,1960,2064
LKA,1961,2050
LKA,1962,2067
LKA,1963,2058
LKA,1964,2104
LKA,1965,2118
LKA,1966,2047
LKA,1967,2181
LKA,1968,2291
LKA,1969,2329
LKA,1970,2389
LKA,1971,2322
LKA,1972,2327
LKA,1973,2378
LKA,1974,2418
LKA,1975,2434
LKA,1976,2464
LKA,1977,2582
LKA,1978,2694
LKA,1979,2815
LKA,1980,2917
LKA,1981,3049
LKA,1982,3151
LKA,1983,3268
LKA,1984,3387
LKA,1985,3484
LKA,1986,3607
LKA,1987,3590
LKA,1988,3633
LKA,1989,3677
LKA,1990,3864
LKA,1991,4214.981900863511
LKA,1992,4020.974175499325
LKA,1993,4247.023034623755
LKA,1994,4500.8195552981315
LKA,1995,4702.294694659047
LKA,1996,5187.708829550781
LKA,1997,5628.53029882429
LKA,1998,5440.2210189103525
LKA,1999,5488.515373190962
LKA,2000,5841.094138774196
LKA,2001,5620.96581354052
LKA,2002,5721.308690943176
LKA,2003,5963.569712578056
LKA,2004,6191.966443165941
LKA,2005,6491.198233887651
LKA,2006,6904.036139768964
LKA,2007,7283.6321055447
LKA,2008,7622.408932412526
LKA,2009,7796.647424034445
LKA,2010,8319.70286162119
LKA,2011,8918
LKA,2012,9599.044793971574
LKA,2013,9898.523366371355
LKA,2014,10437.810557761173
LKA,2015,10784.184599999484
LKA,2016,11236.11952335734
LKA,2017,11868.201665106862
LKA,2018,12051.54682423908
LKA,2019,11939.549660268758
LKA,2020,11447.249328773152
LKA,2021,11751.948619091754
LKA,2022,10705.481483137308
LSO,1960,813
LSO,1961,813
LSO,1962,918
LSO,1963,995
LSO,1964,1054
LSO,1965,1054
LSO,1966,1025
LSO,1967,1113
LSO,1968,1084
LSO,1969,1074
LSO,1970,1073
LSO,1971,952
LSO,1972,1108
LSO,1973,1364
LSO,1974,1414
LSO,1975,1270
LSO,1976,1447
LSO,1977,1658
LSO,1978,1934
LSO,1979,1678
LSO,1980,1589
LSO,1981,1564
LSO,1982,1576
LSO,1983,1561
LSO,1984,1589
LSO,1985,1600
LSO,1986,1645
LSO,1987,1621
LSO,1988,1736
LSO,1989,1804
LSO,1990,1882
LSO,1991,1853.5429790111668
LSO,1992,1914.623820451812
LSO,1993,1903.676222578414
LSO,1994,1924.0946524523515
LSO,1995,1888.699020483546
LSO,1996,1931.6607745291021
LSO,1997,1940.3105805192445
LSO,1998,1922.6793812805745
LSO,1999,1923.9032325474286
LSO,2000,1967.4332743614511
LSO,2001,1997.3576095514159
LSO,2002,1959.0278939923892
LSO,2003,2003.0899192660602
LSO,2004,2004.060178121236
LSO,2005,2013.807757097969
LSO,2006,2056.3296635696347
LSO,2007,2106.8401402624795
LSO,2008,2177.8573505655204
LSO,2009,2199.394858486537
LSO,2010,2313.882128366408
LSO,2011,2346
LSO,2012,2456
LSO,2013,2559
LSO,2014,2644
LSO,2015,2710
LSO,2016,2774.5995649959696
LSO,2017,2654.4136349031955
LSO,2018,2582.512009291792
LSO,2019,2514.224368021087
LSO,2020,2297.3830274590377
LSO,2021,2311.89088424953
LSO,2022,2312.9582259665026
LTU,1960,NA
LTU,1961,NA
LTU,1962,NA
LTU,1963,NA
LTU,1964,NA
LTU,1965,NA
LTU,1966,NA
LTU,1967,NA
LTU,1968,NA
LTU,1969,NA
LTU,1970,NA
LTU,1971,NA
LTU,1972,NA
LTU,1973,12103
LTU,1974,NA
LTU,1975,NA
LTU,1976,NA
LTU,1977,NA
LTU,1978,NA
LTU,1979,NA
LTU,1980,12734
LTU,1981,13190
LTU,1982,13654
LTU,1983,13718
LTU,1984,13796
LTU,1985,13287
LTU,1986,13667
LTU,1987,13831
LTU,1988,14851
LTU,1989,14693
LTU,1990,13809
LTU,1991,12999.308856948019
LTU,1992,10240.939230175538
LTU,1993,8621.09647172474
LTU,1994,7830.005134689356
LTU,1995,8299.469932459284
LTU,1996,8793.700797853546
LTU,1997,9592.639654615079
LTU,1998,10382.117408001002
LTU,1999,10336.395162425892
LTU,2000,10806.873896077643
LTU,2001,11606.72892967804
LTU,2002,12490.621163017631
LTU,2003,13917.50766002349
LTU,2004,14995.766976190702
LTU,2005,16417.948426279625
LTU,2006,17916.05915944606
LTU,2007,20138.472410122522
LTU,2008,20879.802470177132
LTU,2009,17983.34904192825
LTU,2010,18663.760946132526
LTU,2011,20243
LTU,2012,21305.002988915698
LTU,2013,22285.684320715773
LTU,2014,23273.172142362593
LTU,2015,23968.847156078493
LTU,2016,24886.84008424979
LTU,2017,26318.023027791838
LTU,2018,27631.460432687294
LTU,2019,28986.052459000013
LTU,2020,28971.84423726417
LTU,2021,30557.03005861456
LTU,2022,30863.32101606195
LUX,1960,15870
LUX,1961,16349
LUX,1962,16370
LUX,1963,16766
LUX,1964,17864
LUX,1965,18002
LUX,1966,18084
LUX,1967,18066
LUX,1968,18774
LUX,1969,20516
LUX,1970,20763
LUX,1971,21117
LUX,1972,22236
LUX,1973,23820
LUX,1974,24503
LUX,1975,22643
LUX,1976,23100
LUX,1977,23417
LUX,1978,24331
LUX,1979,24836
LUX,1980,24951
LUX,1981,25136
LUX,1982,25005
LUX,1983,25738
LUX,1984,27303
LUX,1985,28032
LUX,1986,30051
LUX,1987,30533
LUX,1988,33351
LUX,1989,36442
LUX,1990,36706
LUX,1991,39198.2989972173
LUX,1992,39231.59350188635
LUX,1993,40179.49453548041
LUX,1994,40990.712825112685
LUX,1995,40838.56460274642
LUX,1996,40687.90296279235
LUX,1997,42311.34295374878
LUX,1998,44142.560310701294
LUX,1999,47061.111056692476
LUX,2000,50063.824076531
LUX,2001,50527.66394141982
LUX,2002,51709.73585396883
LUX,2003,51717.03305825775
LUX,2004,52624.16248290635
LUX,2005,53262.093930996925
LUX,2006,54920.81002465592
LUX,2007,58369.70148034947
LUX,2008,56383.190819386706
LUX,2009,52731.389494684634
LUX,2010,54086.33729664133
LUX,2011,54031
LUX,2012,53675.45980204135
LUX,2013,53973.39435153653
LUX,2014,54100.08638349217
LUX,2015,54251.44801924006
LUX,2016,55516.09603164462
LUX,2017,55037.18671363309
LUX,2018,54625.962158566785
LUX,2019,54751.602331303264
LUX,2020,53489.33174392858
LUX,2021,55346.675082632995
LUX,2022,55484.778101286385
LVA,1960,NA
LVA,1961,NA
LVA,1962,NA
LVA,1963,NA
LVA,1964,NA
LVA,1965,NA
LVA,1966,NA
LVA,1967,NA
LVA,1968,NA
LVA,1969,NA
LVA,1970,NA
LVA,1971,NA
LVA,1972,NA
LVA,1973,12506
LVA,1974,NA
LVA,1975,NA
LVA,1976,NA
LVA,1977,NA
LVA,1978,NA
LVA,1979,NA
LVA,1980,13739
LVA,1981,13970
LVA,1982,14190
LVA,1983,14376
LVA,1984,14682
LVA,1985,14273
LVA,1986,14539
LVA,1987,14360
LVA,1988,14875
LVA,1989,15661
LVA,1990,15806
LVA,1991,13774.934038170124
LVA,1992,9411.194969327687
LVA,1993,8439.330349110962
LVA,1994,8704.266153240394
LVA,1995,8709.070051213881
LVA,1996,8947.268137286272
LVA,1997,9773.499502588302
LVA,1998,10429.766635807433
LVA,1999,10707.70573751051
LVA,2000,11309.740390128512
LVA,2001,12103.828171716055
LVA,2002,13015.474503405067
LVA,2003,14142.124547396872
LVA,2004,15371.181326608299
LVA,2005,17069.6571716176
LVA,2006,19128.689244258694
LVA,2007,21042.36647070566
LVA,2008,20342.198290255565
LVA,2009,17582.111669833408
LVA,2010,17140.226514886952
LVA,2011,18428
LVA,2012,19970.030413494103
LVA,2013,20581.917289477988
LVA,2014,21168.53600006688
LVA,2015,22179.420213778216
LVA,2016,22913.023038341264
LVA,2017,23893.83156269365
LVA,2018,25039.86567851188
LVA,2019,25858.601683899466
LVA,2020,25453.065151316023
LVA,2021,26738.61446244282
LVA,2022,27220.30360627796
MAR,1960,2118
MAR,1961,2138
MAR,1962,2158
MAR,1963,2179
MAR,1964,2201
MAR,1965,2222
MAR,1966,2289
MAR,1967,2359
MAR,1968,2429
MAR,1969,2503
MAR,1970,2576
MAR,1971,2654
MAR,1972,2660
MAR,1973,2700
MAR,1974,2791
MAR,1975,2919
MAR,1976,3175
MAR,1977,3268
MAR,1978,3298
MAR,1979,3382
MAR,1980,3622
MAR,1981,3457
MAR,1982,3725
MAR,1983,3606
MAR,1984,3657
MAR,1985,3784
MAR,1986,3977
MAR,1987,3790
MAR,1988,4077
MAR,1989,4073
MAR,1990,4130
MAR,1991,4353.7296889409035
MAR,1992,4194.446909789483
MAR,1993,4097.280627699567
MAR,1994,4461.062591096579
MAR,1995,4156.925051450954
MAR,1996,4603.651958431055
MAR,1997,4469.189823566713
MAR,1998,4729.182939040482
MAR,1999,4720.771347617782
MAR,2000,4753.638253651218
MAR,2001,5042.0731098194365
MAR,2002,5140.872532311595
MAR,2003,5386.850380083709
MAR,2004,5584.153849676644
MAR,2005,5708.031140956663
MAR,2006,6076.952533670616
MAR,2007,6228.431666892243
MAR,2008,6530.978071948748
MAR,2009,6741.460269991847
MAR,2010,6931.55829013224
MAR,2011,7226
MAR,2012,7355.325972853022
MAR,2013,7599.724309025034
MAR,2014,7714.631888235978
MAR,2015,7959.5277682139
MAR,2016,7912.222090693927
MAR,2017,8222.670232146993
MAR,2018,8385.94955729587
MAR,2019,8540.803443894769
MAR,2020,7849.207931212453
MAR,2021,8391.294664532728
MAR,2022,8400.126970931335
MDA,1960,NA
MDA,1961,NA
MDA,1962,NA
MDA,1963,NA
MDA,1964,NA
MDA,1965,NA
MDA,1966,NA
MDA,1967,NA
MDA,1968,NA
MDA,1969,NA
MDA,1970,NA
MDA,1971,NA
MDA,1972,NA
MDA,1973,8552
MDA,1974,NA
MDA,1975,NA
MDA,1976,NA
MDA,1977,NA
MDA,1978,NA
MDA,1979,NA
MDA,1980,9078
MDA,1981,9538
MDA,1982,10026
MDA,1983,10378
MDA,1984,10508
MDA,1985,9398
MDA,1986,9937
MDA,1987,9852
MDA,1988,9731
MDA,1989,10288
MDA,1990,9835
MDA,1991,7957.688345154006
MDA,1992,5546.366403875545
MDA,1993,5383.858205235667
MDA,1994,3662.2087632454704
MDA,1995,3558.826698727752
MDA,1996,3305.4966522157943
MDA,1997,3322.478992532379
MDA,1998,3078.0096314989737
MDA,1999,2949.9066108079396
MDA,2000,2989.534798311321
MDA,2001,3150.631434393432
MDA,2002,3373.7091597677427
MDA,2003,3575.268010479867
MDA,2004,3813.4311340442496
MDA,2005,4073.673609345101
MDA,2006,4243.070448307113
MDA,2007,4342.745574660048
MDA,2008,4652.45725879469
MDA,2009,4342.527899279536
MDA,2010,4615.324044361896
MDA,2011,4892
MDA,2012,4914.037958167865
MDA,2013,5414.350535415374
MDA,2014,5744.251779820272
MDA,2015,5784.491679479232
MDA,2016,6102.694537539031
MDA,2017,6425.865449026022
MDA,2018,6760.111395337349
MDA,2019,7078.229925539575
MDA,2020,6560.747769686751
MDA,2021,7557.3855325458735
MDA,2022,6674.871287709826
MDG,1960,1793
MDG,1961,1795
MDG,1962,1800
MDG,1963,1747
MDG,1964,1779
MDG,1965,1734
MDG,1966,1733
MDG,1967,1790
MDG,1968,1871
MDG,1969,1900
MDG,1970,1954
MDG,1971,1986
MDG,1972,1916
MDG,1973,1824
MDG,1974,1816
MDG,1975,1795
MDG,1976,1694
MDG,1977,1691
MDG,1978,1604
MDG,1979,1714
MDG,1980,1680
MDG,1981,1492
MDG,1982,1423
MDG,1983,1395
MDG,1984,1305
MDG,1985,1296
MDG,1986,1267
MDG,1987,1258
MDG,1988,1240
MDG,1989,1251
MDG,1990,1262
MDG,1991,1160.670533644055
MDG,1992,1152.6460623318474
MDG,1993,1154.1894836927775
MDG,1994,1132.1717646415016
MDG,1995,1129.8485481073742
MDG,1996,1132.4437234951688
MDG,1997,1152.1545829273098
MDG,1998,1174.2272274808554
MDG,1999,1206.8937614601625
MDG,2000,1238.7764128262836
MDG,2001,1290.1064455092514
MDG,2002,1110.821697808672
MDG,2003,1198.4432505746915
MDG,2004,1239.896974885536
MDG,2005,1276.486788139317
MDG,2006,1322.4795193682357
MDG,2007,1384.1850036771834
MDG,2008,1458.7853395069988
MDG,2009,1367.6862572519497
MDG,2010,1349.6198337375167
MDG,2011,1347
MDG,2012,1350.638040004712
MDG,2013,1345.350945044516
MDG,2014,1354.1408001073978
MDG,2015,1360.7545006851938
MDG,2016,1379.3698342593648
MDG,2017,1398.0183426717206
MDG,2018,1407.442425894754
MDG,2019,1434.2703140960969
MDG,2020,1300.5428364114239
MDG,2021,1343.4438578473782
MDG,2022,1367.0937832263344
MEX,1960,4723
MEX,1961,4807
MEX,1962,4881
MEX,1963,5118
MEX,1964,5555
MEX,1965,5737
MEX,1966,5950
MEX,1967,6132
MEX,1968,6432
MEX,1969,6629
MEX,1970,6873
MEX,1971,6912
MEX,1972,7256
MEX,1973,7597
MEX,1974,7801
MEX,1975,8011
MEX,1976,8131
MEX,1977,8177
MEX,1978,8690
MEX,1979,9307
MEX,1980,9929
MEX,1981,10538
MEX,1982,10240
MEX,1983,9656
MEX,1984,9777
MEX,1985,9785
MEX,1986,9283
MEX,1987,9256
MEX,1988,9193
MEX,1989,9392
MEX,1990,9699
MEX,1991,10008.55074402065
MEX,1992,10262.210680323855
MEX,1993,10357.829066512122
MEX,1994,10721.008231258847
MEX,1995,9944.95271764715
MEX,1996,10386.499120858674
MEX,1997,11030.343186999262
MEX,1998,11510.877396985583
MEX,1999,11894.202848912393
MEX,2000,12613.396051909382
MEX,2001,12565.465172055608
MEX,2002,12645.503583245143
MEX,2003,12793.95561894545
MEX,2004,13287.599901797117
MEX,2005,13655.801157462844
MEX,2006,14287.558268468327
MEX,2007,14684.727956137704
MEX,2008,14808.089963376902
MEX,2009,14026.988962508145
MEX,2010,14697.29811084571
MEX,2011,15210
MEX,2012,15547.994521281404
MEX,2013,15614.78168757982
MEX,2014,15883.876915366996
MEX,2015,16235.004341326458
MEX,2016,16705.0464647827
MEX,2017,16900.131009812096
MEX,2018,17055.116395989793
MEX,2019,16802.014276655613
MEX,2020,15253.691313136262
MEX,2021,15853.37632930669
MEX,2022,16235.455392709897
MKD,1960,3586
MKD,1961,3634
MKD,1962,3666
MKD,1963,4261
MKD,1964,5450
MKD,1965,4933
MKD,1966,5308
MKD,1967,5485
MKD,1968,5606
MKD,1969,6129
MKD,1970,6545
MKD,1971,6884
MKD,1972,7127
MKD,1973,7471
MKD,1974,7803
MKD,1975,8064
MKD,1976,8319
MKD,1977,8738
MKD,1978,9341
MKD,1979,9891
MKD,1980,9899
MKD,1981,9937
MKD,1982,9977
MKD,1983,9728
MKD,1984,10007
MKD,1985,9894
MKD,1986,10551
MKD,1987,10385
MKD,1988,10034
MKD,1989,10206
MKD,1990,9173
MKD,1991,8615.759144166695
MKD,1992,7991.597871797595
MKD,1993,7317.834723748325
MKD,1994,7154.067121350195
MKD,1995,7039.1197988162685
MKD,1996,7095.166536780963
MKD,1997,7179.026197617261
MKD,1998,7411.548004951359
MKD,1999,7732.047103206161
MKD,2000,8083.789724815248
MKD,2001,7835.026934522752
MKD,2002,7964.077765660317
MKD,2003,8160.412847626555
MKD,2004,8561.383654725681
MKD,2005,8984.545176004136
MKD,2006,9466.264087390893
MKD,2007,10099.407044287385
MKD,2008,10674.208359304781
MKD,2009,10657.877939419719
MKD,2010,11038.289575823977
MKD,2011,11321
MKD,2012,11255.701047434053
MKD,2013,11568.168643775136
MKD,2014,11968.066277744645
MKD,2015,12412.940670794598
MKD,2016,12752.585075157189
MKD,2017,12878.02101779952
MKD,2018,13238.033916924547
MKD,2019,13751.227996277217
MKD,2020,13125.830528042297
MKD,2021,13692.045849554457
MKD,2022,14050.995220494258
MLI,1960,851
MLI,1961,840
MLI,1962,827
MLI,1963,866
MLI,1964,888
MLI,1965,881
MLI,1966,899
MLI,1967,910
MLI,1968,923
MLI,1969,899
MLI,1970,934
MLI,1971,945
MLI,1972,971
MLI,1973,926
MLI,1974,883
MLI,1975,982
MLI,1976,1090
MLI,1977,1148
MLI,1978,1101
MLI,1979,1345
MLI,1980,1168
MLI,1981,1111
MLI,1982,1030
MLI,1983,1057
MLI,1984,1084
MLI,1985,1089
MLI,1986,1138
MLI,1987,1138
MLI,1988,1116
MLI,1989,1205
MLI,1990,1191
MLI,1991,1186.7576821061425
MLI,1992,1115.4059709719274
MLI,1993,1115.100172601165
MLI,1994,1111.7853665954442
MLI,1995,1100.2432497144953
MLI,1996,1130.5096649594223
MLI,1997,1160.9516652043324
MLI,1998,1167.4325780704648
MLI,1999,1192.3168188946438
MLI,2000,1153.0461453554185
MLI,2001,1309.2558397068744
MLI,2002,1321.3388265733836
MLI,2003,1391.2634712829354
MLI,2004,1366.9830665779407
MLI,2005,1414.7927385625292
MLI,2006,1438.2079327040642
MLI,2007,1441.205936709517
MLI,2008,1460.495980038843
MLI,2009,1477.4183743876558
MLI,2010,1504.9956122694277
MLI,2011,1500
MLI,2012,1449.195949731137
MLI,2013,1444.187901831615
MLI,2014,1505.6677272326094
MLI,2015,1555.804568664512
MLI,2016,1602.781914597663
MLI,2017,1642.5181485559388
MLI,2018,1673.8774703125134
MLI,2019,1706.0105060362946
MLI,2020,1638.9304502976336
MLI,2021,1643.0143721173124
MLI,2022,1651.941309062707
MLT,1960,2383
MLT,1961,2361
MLT,1962,2260
MLT,1963,2263
MLT,1964,2343
MLT,1965,2539
MLT,1966,2828
MLT,1967,3014
MLT,1968,3309
MLT,1969,3483
MLT,1970,3889
MLT,1971,3987
MLT,1972,4299
MLT,1973,4442
MLT,1974,4863
MLT,1975,5738
MLT,1976,6684
MLT,1977,7438
MLT,1978,8080
MLT,1979,8745
MLT,1980,8920
MLT,1981,9224
MLT,1982,9526
MLT,1983,9586
MLT,1984,9797
MLT,1985,10176
MLT,1986,10584
MLT,1987,10943
MLT,1988,11765
MLT,1989,12607
MLT,1990,13259
MLT,1991,13834.927031726535
MLT,1992,14341.301596372025
MLT,1993,14840.319300841204
MLT,1994,15539.059462853587
MLT,1995,16417.17321677853
MLT,1996,16932.04784205388
MLT,1997,17694.789590346605
MLT,1998,18488.66584927667
MLT,1999,19254.364806360405
MLT,2000,20434.549470482267
MLT,2001,20413.05002831469
MLT,2002,20873.984135075105
MLT,2003,21273.134299891713
MLT,2004,21233.001014352474
MLT,2005,21905.215301151515
MLT,2006,22233.7176167616
MLT,2007,23048.263432463526
MLT,2008,23674.59430565875
MLT,2009,22927.655023136584
MLT,2010,23632.624639066184
MLT,2011,23871
MLT,2012,24629.777369544292
MLT,2013,25611.12142374041
MLT,2014,27007.890967294632
MLT,2015,28906.48112712545
MLT,2016,29207.270281846828
MLT,2017,31495.494385106358
MLT,2018,32292.822622605316
MLT,2019,33220.28456962831
MLT,2020,29703.76200401182
MLT,2021,33031.18172471114
MLT,2022,34496.338374992985
MMR,1960,899
MMR,1961,904
MMR,1962,966
MMR,1963,977
MMR,1964,976
MMR,1965,983
MMR,1966,925
MMR,1967,934
MMR,1968,976
MMR,1969,998
MMR,1970,1023
MMR,1971,1036
MMR,1972,1023
MMR,1973,1001
MMR,1974,1033
MMR,1975,1057
MMR,1976,1103
MMR,1977,1148
MMR,1978,1205
MMR,1979,1240
MMR,1980,1320
MMR,1981,1369
MMR,1982,1417
MMR,1983,1451
MMR,1984,1492
MMR,1985,1506
MMR,1986,1465
MMR,1987,1382
MMR,1988,1207
MMR,1989,1234
MMR,1990,1253
MMR,1991,1205.0714613849889
MMR,1992,1283.8254830248727
MMR,1993,1321.8101935535624
MMR,1994,1373.9628865796824
MMR,1995,1423.6504850766937
MMR,1996,1469.0317370745163
MMR,1997,1505.9804638374535
MMR,1998,1547.0283397327264
MMR,1999,1667.661226356314
MMR,2000,1843.494517527998
MMR,2001,1996.3736867825307
MMR,2002,2175.8834327673317
MMR,2003,2410.569762054218
MMR,2004,2664.941253862452
MMR,2005,2947.0989157758963
MMR,2006,3246.693421759015
MMR,2007,3542.588426898593
MMR,2008,3585.7652216670704
MMR,2009,3673.4366566972276
MMR,2010,3772.998541225463
MMR,2011,3884
MMR,2012,4091.201818102005
MMR,2013,4371.002736462297
MMR,2014,4684.643122007296
MMR,2015,4984.668832386767
MMR,2016,5252.832208764598
MMR,2017,5503.631896954114
MMR,2018,5803.431070384382
MMR,2019,6140.884701072777
MMR,2020,6282.811713203451
MMR,2021,5113.336847752783
MMR,2022,5177.432821804038
MNE,1960,2439
MNE,1961,2922
MNE,1962,2847
MNE,1963,3217
MNE,1964,3732
MNE,1965,3802
MNE,1966,3948
MNE,1967,3995
MNE,1968,4160
MNE,1969,4546
MNE,1970,4857
MNE,1971,4994
MNE,1972,5206
MNE,1973,5137
MNE,1974,5394
MNE,1975,5512
MNE,1976,5740
MNE,1977,6298
MNE,1978,6583
MNE,1979,6523
MNE,1980,7992
MNE,1981,7635
MNE,1982,7790
MNE,1983,7610
MNE,1984,7828
MNE,1985,7804
MNE,1986,8021
MNE,1987,7592
MNE,1988,7299
MNE,1989,7278
MNE,1990,6605
MNE,1991,6068.215155121114
MNE,1992,4605.298853657336
MNE,1993,2981.804595717488
MNE,1994,3073.9207262323207
MNE,1995,3571.072375996292
MNE,1996,4663.160068685614
MNE,1997,5121.728205681126
MNE,1998,5522.104394005713
MNE,1999,5142.729068401965
MNE,2000,6046.14222843826
MNE,2001,6429.561141850434
MNE,2002,6897.724960376603
MNE,2003,7445.050118255445
MNE,2004,8193.749691552164
MNE,2005,9002.218204676312
MNE,2006,10307.646972987597
MNE,2007,12027.429376495935
MNE,2008,13550.356381549685
MNE,2009,13459.499158641718
MNE,2010,14509.765564414824
MNE,2011,15747
MNE,2012,15421
MNE,2013,16064
MNE,2014,16437
MNE,2015,17249
MNE,2016,17777.416928555278
MNE,2017,18640.19586379621
MNE,2018,19617.215109901575
MNE,2019,20448.54809589768
MNE,2020,17355.623874323574
MNE,2021,19656.557287798227
MNE,2022,20941.804623317003
MNG,1960,912
MNG,1961,939
MNG,1962,966
MNG,1963,996
MNG,1964,1027
MNG,1965,1057
MNG,1966,1087
MNG,1967,1122
MNG,1968,1154
MNG,1969,1189
MNG,1970,1226
MNG,1971,1246
MNG,1972,1256
MNG,1973,1328
MNG,1974,1342
MNG,1975,1387
MNG,1976,1401
MNG,1977,1470
MNG,1978,1537
MNG,1979,1556
MNG,1980,1618
MNG,1981,1714
MNG,1982,1814
MNG,1983,1876
MNG,1984,1940
MNG,1985,2004
MNG,1986,2142
MNG,1987,2168
MNG,1988,2227
MNG,1989,2232
MNG,1990,2123
MNG,1991,1976.0231202514672
MNG,1992,1841.01246368828
MNG,1993,1846.2255538827221
MNG,1994,1955.4772619808953
MNG,1995,2147.828702490129
MNG,1996,2271.7987112750016
MNG,1997,2445.0126790429244
MNG,1998,2620.4890571996657
MNG,1999,2801.861814692823
MNG,2000,2936.0627786972627
MNG,2001,3133.5559121507085
MNG,2002,3401.9464532370725
MNG,2003,3775.4379347429303
MNG,2004,4334.231383759123
MNG,2005,4822.233569068163
MNG,2006,5426.853605469195
MNG,2007,6196.589225016245
MNG,2008,6982.146430012929
MNG,2009,7126.8087057500925
MNG,2010,7830.06414593609
MNG,2011,9484
MNG,2012,10493
MNG,2013,11545
MNG,2014,12283
MNG,2015,12398
MNG,2016,12313.543593575492
MNG,2017,12728.355138058001
MNG,2018,13419.57770121529
MNG,2019,13871.330127961977
MNG,2020,12990.328563230378
MNG,2021,12992.166560057296
MNG,2022,13442.906241343515
MOZ,1960,2115
MOZ,1961,2131
MOZ,1962,2232
MOZ,1963,2106
MOZ,1964,2150
MOZ,1965,2153
MOZ,1966,2174
MOZ,1967,2271
MOZ,1968,2469
MOZ,1969,2699
MOZ,1970,2778
MOZ,1971,2895
MOZ,1972,2906
MOZ,1973,2986
MOZ,1974,2684
MOZ,1975,2238
MOZ,1976,2064
MOZ,1977,2013
MOZ,1978,1969
MOZ,1979,1937
MOZ,1980,1945
MOZ,1981,1940
MOZ,1982,1852
MOZ,1983,1694
MOZ,1984,1629
MOZ,1985,1466
MOZ,1986,1479
MOZ,1987,1562
MOZ,1988,1701
MOZ,1989,1776
MOZ,1990,1776
MOZ,1991,1719.0991199089242
MOZ,1992,1482.4166253755861
MOZ,1993,1439.2897045371517
MOZ,1994,1312.372021709233
MOZ,1995,1165.810160021586
MOZ,1996,1325.5953686560965
MOZ,1997,1323.6936143948903
MOZ,1998,1335.6607344147017
MOZ,1999,1301.576300184304
MOZ,2000,1196.0148794494119
MOZ,2001,1219.3810190487925
MOZ,2002,1199.7331227106677
MOZ,2003,1155.7036946054413
MOZ,2004,1125.8321178410647
MOZ,2005,1107.5338041693162
MOZ,2006,1099.341782650686
MOZ,2007,1067.966456225928
MOZ,2008,1031.3622064849947
MOZ,2009,991.7452353145683
MOZ,2010,956.5304846939823
MOZ,2011,925
MOZ,2012,964.582332241387
MOZ,2013,1003.728694676223
MOZ,2014,1049.1934887179698
MOZ,2015,1090.3977532633162
MOZ,2016,1102.8173101812074
MOZ,2017,1114.3684227710373
MOZ,2018,1122.5855707920687
MOZ,2019,1118.630328232767
MOZ,2020,1076.6940425279995
MOZ,2021,1073.569964381188
MOZ,2022,1087.8360020802634
MRT,1960,913
MRT,1961,1055
MRT,1962,1019
MRT,1963,944
MRT,1964,1208
MRT,1965,1358
MRT,1966,1345
MRT,1967,1372
MRT,1968,1471
MRT,1969,1425
MRT,1970,1548
MRT,1971,1533
MRT,1972,1511
MRT,1973,1473
MRT,1974,1570
MRT,1975,1699
MRT,1976,1779
MRT,1977,1742
MRT,1978,1581
MRT,1979,1706
MRT,1980,1682
MRT,1981,1714
MRT,1982,1548
MRT,1983,1553
MRT,1984,1486
MRT,1985,1502
MRT,1986,1553
MRT,1987,1551
MRT,1988,1533
MRT,1989,1559
MRT,1990,1511
MRT,1991,1547.5434702826892
MRT,1992,1559.9048586606198
MRT,1993,1668.7220858563026
MRT,1994,1732.9970409786945
MRT,1995,1686.1977262538564
MRT,1996,1873.0508680719656
MRT,1997,1799.8251812544347
MRT,1998,1841.207484819557
MRT,1999,1954.2294307256677
MRT,2000,1934.7420357703168
MRT,2001,1964.4456268968715
MRT,2002,1967.4483087341594
MRT,2003,2076.2331265156
MRT,2004,2185.9502589616172
MRT,2005,2371.0066770341646
MRT,2006,2807.1989381020244
MRT,2007,2875.034723800106
MRT,2008,2895.6649916028105
MRT,2009,2855.574604756298
MRT,2010,2982.7488004864113
MRT,2011,3104
MRT,2012,3213
MRT,2013,3319
MRT,2014,3459
MRT,2015,3424
MRT,2016,3376.7524621543976
MRT,2017,3495.2229707538154
MRT,2018,3567.1013704552147
MRT,2019,3659.10314894174
MRT,2020,3532.2977351312065
MRT,2021,3527.427831896272
MRT,2022,3680.3662462241155
MUS,1960,4396
MUS,1961,5254
MUS,1962,5144
MUS,1963,5745
MUS,1964,5196
MUS,1965,5227
MUS,1966,4921
MUS,1967,5035
MUS,1968,4602
MUS,1969,4758
MUS,1970,4662
MUS,1971,4804
MUS,1972,5128
MUS,1973,5668
MUS,1974,6038
MUS,1975,6030
MUS,1976,7264
MUS,1977,7610
MUS,1978,7763
MUS,1979,7889
MUS,1980,6970
MUS,1981,7264
MUS,1982,7563
MUS,1983,7516
MUS,1984,7798
MUS,1985,8265
MUS,1986,9001
MUS,1987,9840
MUS,1988,10418
MUS,1989,10806
MUS,1990,11489
MUS,1991,11643.398201006123
MUS,1992,12002.380150241945
MUS,1993,12228.814079767333
MUS,1994,12381.066574186869
MUS,1995,12567.928192990208
MUS,1996,12841.930530846641
MUS,1997,13198.294920247428
MUS,1998,13607.884650004664
MUS,1999,13572.680281248277
MUS,2000,14272.30092371748
MUS,2001,14347.610817617318
MUS,2002,14196.040774451008
MUS,2003,14623.308505073224
MUS,2004,14854.61368792551
MUS,2005,14725.164159799027
MUS,2006,15042.54139763051
MUS,2007,15519.41864738926
MUS,2008,15957.960224953567
MUS,2009,16029.263886274308
MUS,2010,16269.320153638684
MUS,2011,16483
MUS,2012,17021.246228047617
MUS,2013,17555.554165873356
MUS,2014,18192.18747429924
MUS,2015,18828.000901176238
MUS,2016,19525.31519052267
MUS,2017,20259.8873394489
MUS,2018,21040.637996962865
MUS,2019,21624.842214480148
MUS,2020,18445.97490973305
MUS,2021,19069.04830968499
MUS,2022,20643.093950299542
MWI,1960,628
MWI,1961,644
MWI,1962,626
MWI,1963,599
MWI,1964,572
MWI,1965,633
MWI,1966,679
MWI,1967,725
MWI,1968,697
MWI,1969,722
MWI,1970,713
MWI,1971,794
MWI,1972,851
MWI,1973,896
MWI,1974,928
MWI,1975,934
MWI,1976,942
MWI,1977,961
MWI,1978,1015
MWI,1979,1030
MWI,1980,1004
MWI,1981,925
MWI,1982,904
MWI,1983,913
MWI,1984,925
MWI,1985,966
MWI,1986,936
MWI,1987,905
MWI,1988,872
MWI,1989,864
MWI,1990,861
MWI,1991,899.975111985489
MWI,1992,802.9305001829443
MWI,1993,865.763191642982
MWI,1994,791.5500602937615
MWI,1995,906.8790169328316
MWI,1996,972.8213561368591
MWI,1997,1005.8521386730674
MWI,1998,986.0287117254078
MWI,1999,989.8359268128082
MWI,2000,967.0872078365063
MWI,2001,899.2305028956672
MWI,2002,886.1978351532919
MWI,2003,905.7954573417187
MWI,2004,922.7612745236141
MWI,2005,920.0499453683125
MWI,2006,929.4761925608914
MWI,2007,982.3916452607176
MWI,2008,1017.8208100763347
MWI,2009,1061.9494613142763
MWI,2010,1091.5876453348292
MWI,2011,1102
MWI,2012,1089.306420894477
MWI,2013,1112.7039040025431
MWI,2014,1142.9806596280062
MWI,2015,1144.3241294161178
MWI,2016,1138.736299468755
MWI,2017,1153.0430247575991
MWI,2018,1172.6712847901124
MWI,2019,1205.4770715379748
MWI,2020,1186.6827178733677
MWI,2021,1211.2092539288553
MWI,2022,1190.0508476931934
MYS,1960,2439
MYS,1961,2538
MYS,1962,2609
MYS,1963,2660
MYS,1964,2754
MYS,1965,2876
MYS,1966,2942
MYS,1967,2917
MYS,1968,3096
MYS,1969,3196
MYS,1970,3314
MYS,1971,3475
MYS,1972,3649
MYS,1973,4081
MYS,1974,4285
MYS,1975,4221
MYS,1976,4638
MYS,1977,4903
MYS,1978,5214
MYS,1979,5510
MYS,1980,5829
MYS,1981,6095
MYS,1982,6303
MYS,1983,6529
MYS,1984,6867
MYS,1985,6626
MYS,1986,6543
MYS,1987,6723
MYS,1988,7144
MYS,1989,7634
MYS,1990,8179
MYS,1991,8781.208893108405
MYS,1992,9383.932155443199
MYS,1993,10131.929337681155
MYS,1994,10867.256099167236
MYS,1995,11725.092539240553
MYS,1996,12668.668326380066
MYS,1997,13344.570607055399
MYS,1998,12129.63578542647
MYS,1999,12636.607156270933
MYS,2000,13474.701462099618
MYS,2001,13307.214860642716
MYS,2002,13809.872051197268
MYS,2003,14362.155661441326
MYS,2004,15087.251433577863
MYS,2005,15651.11804453899
MYS,2006,16353.924095490167
MYS,2007,17209.58455344142
MYS,2008,17865.640878888928
MYS,2009,17430.444562265613
MYS,2010,18574.2996268691
MYS,2011,19390
MYS,2012,20162.177866482707
MYS,2013,20819.163319335446
MYS,2014,21769.005866699557
MYS,2015,22550.34217805674
MYS,2016,23251.90298401355
MYS,2017,24301.558929809966
MYS,2018,25175.799568359595
MYS,2019,25986.41141789413
MYS,2020,24279.315633018203
MYS,2021,24764.64969856618
MYS,2022,26628.70757540267
NAM,1960,4855
NAM,1961,4787
NAM,1962,5324
NAM,1963,5710
NAM,1964,6468
NAM,1965,6728
NAM,1966,6808
NAM,1967,6365
NAM,1968,6253
NAM,1969,6303
NAM,1970,6164
NAM,1971,6258
NAM,1972,6156
NAM,1973,6177
NAM,1974,6387
NAM,1975,6293
NAM,1976,6150
NAM,1977,5984
NAM,1978,6027
NAM,1979,6073
NAM,1980,6293
NAM,1981,6271
NAM,1982,6064
NAM,1983,5734
NAM,1984,5539
NAM,1985,5396
NAM,1986,5530
NAM,1987,5595
NAM,1988,5386
NAM,1989,5208
NAM,1990,5007
NAM,1991,5239.034116635993
NAM,1992,5532.672487158338
NAM,1993,5294.242733896669
NAM,1994,5545.462306906096
NAM,1995,5638.766624120424
NAM,1996,5687.116663685837
NAM,1997,5796.631736921494
NAM,1998,5859.883448695939
NAM,1999,5926.427739552253
NAM,2000,5971.814786549045
NAM,2001,5888.432065195969
NAM,2002,6069.320281063856
NAM,2003,6082.426321145825
NAM,2004,6712.771784025929
NAM,2005,6807.57570891404
NAM,2006,7208.688501105284
NAM,2007,7509.5268108823975
NAM,2008,7618.030976697601
NAM,2009,7548.128938553046
NAM,2010,7905.540897682571
NAM,2011,8203
NAM,2012,8482.415254649208
NAM,2013,8788.874722722334
NAM,2014,9134.854658438671
NAM,2015,9333.582793985172
NAM,2016,9152.548366244138
NAM,2017,8882.616850997629
NAM,2018,8805.333864300244
NAM,2019,8567.793425562822
NAM,2020,7734.605479768219
NAM,2021,7796.061589871414
NAM,2022,7979.328208841891
NER,1960,1213
NER,1961,1239
NER,1962,1341
NER,1963,1443
NER,1964,1415
NER,1965,1490
NER,1966,1441
NER,1967,1417
NER,1968,1398
NER,1969,1326
NER,1970,1337
NER,1971,1382
NER,1972,1282
NER,1973,1039
NER,1974,1105
NER,1975,1050
NER,1976,1033
NER,1977,1087
NER,1978,1205
NER,1979,1261
NER,1980,1291
NER,1981,1277
NER,1982,1231
NER,1983,1180
NER,1984,956
NER,1985,950
NER,1986,969
NER,1987,912
NER,1988,939
NER,1989,915
NER,1990,872
NER,1991,865.9134209642032
NER,1992,785.2636183236978
NER,1993,771.5414227419169
NER,1994,776.8025247493501
NER,1995,702.4933944459684
NER,1996,712.8558452721954
NER,1997,693.1093824969898
NER,1998,755.247969163888
NER,1999,736.9175247637983
NER,2000,693.3765476234711
NER,2001,723.3113582928088
NER,2002,734.5915805707739
NER,2003,758.1143313685333
NER,2004,725.1316362673381
NER,2005,757.243914388136
NER,2006,771.4196599452945
NER,2007,766.1869433852501
NER,2008,809.4503920715074
NER,2009,775.2534426935458
NER,2010,810.1572528803077
NER,2011,799
NER,2012,849.7977412647973
NER,2013,861.015605626731
NER,2014,884.3457684003448
NER,2015,888.3684966672369
NER,2016,903.5715487256051
NER,2017,913.811523462254
NER,2018,942.5486044098856
NER,2019,964.324343317027
NER,2020,962.7822900384816
NER,2021,941.2575174364653
NER,2022,1007.7209474542525
NGA,1960,1307
NGA,1961,1313
NGA,1962,1349
NGA,1963,1433
NGA,1964,1451
NGA,1965,1505
NGA,1966,1414
NGA,1967,1160
NGA,1968,1114
NGA,1969,1372
NGA,1970,1744
NGA,1971,1894
NGA,1972,1908
NGA,1973,2012
NGA,1974,2179
NGA,1975,2051
NGA,1976,2208
NGA,1977,2220
NGA,1978,2028
NGA,1979,2104
NGA,1980,2080
NGA,1981,1855
NGA,1982,1784
NGA,1983,1631
NGA,1984,1527
NGA,1985,1621
NGA,1986,1610
NGA,1987,1556
NGA,1988,1667
NGA,1989,1729
NGA,1990,1773
NGA,1991,1759.0034969673438
NGA,1992,1793.9401366740867
NGA,1993,1817.7495101846284
NGA,1994,1820.3046246113097
NGA,1995,1851.0374805896058
NGA,1996,1924.0884038456277
NGA,1997,1977.2856291147405
NGA,1998,2025.8649217896864
NGA,1999,2034.8275240639398
NGA,2000,2144.825404335654
NGA,2001,2282.8230182916363
NGA,2002,2609.129445093547
NGA,2003,2848.2812973717623
NGA,2004,3136.6274258695394
NGA,2005,3347.820466846664
NGA,2006,3564.632342456331
NGA,2007,3817.483522507349
NGA,2008,4084.200260359434
NGA,2009,4416.346991611453
NGA,2010,4904.865862629963
NGA,2011,5136
NGA,2012,5216.315621041093
NGA,2013,5356.3886564568675
NGA,2014,5550.7269752146685
NGA,2015,5558.025667462321
NGA,2016,5337.129442955359
NGA,2017,5248.688403316564
NGA,2018,5215.37559870875
NGA,2019,5197.0825127987455
NGA,2020,4976.322358449507
NGA,2021,5029.088207032856
NGA,2022,5070.492915765747
NIC,1960,3148
NIC,1961,3277
NIC,1962,3521
NIC,1963,3781
NIC,1964,4092
NIC,1965,4340
NIC,1966,4342
NIC,1967,4500
NIC,1968,4419
NIC,1969,4564
NIC,1970,4463
NIC,1971,4533
NIC,1972,4543
NIC,1973,4637
NIC,1974,5064
NIC,1975,5013
NIC,1976,5099
NIC,1977,5247
NIC,1978,4771
NIC,1979,3405
NIC,1980,3414
NIC,1981,3480
NIC,1982,3360
NIC,1983,3437
NIC,1984,3308
NIC,1985,3107
NIC,1986,3011
NIC,1987,2922
NIC,1988,2498
NIC,1989,2393
NIC,1990,2291
NIC,1991,2209.7942483077627
NIC,1992,2163.4165916844263
NIC,1993,2114.6918975367407
NIC,1994,2154.299011959488
NIC,1995,2264.092518252075
NIC,1996,2395.2021732858275
NIC,1997,2482.690824004514
NIC,1998,2569.828330482171
NIC,1999,2748.1270002457577
NIC,2000,2858.526912402704
NIC,2001,2944.244526766683
NIC,2002,2969.457584869204
NIC,2003,3049.1499913269267
NIC,2004,3220.2610365237183
NIC,2005,3370.77750867683
NIC,2006,3525.5536519620005
NIC,2007,3729.851433342894
NIC,2008,3856.552283010685
NIC,2009,3771.9470487287163
NIC,2010,3916.965925691713
NIC,2011,4189
NIC,2012,4376
NIC,2013,4527
NIC,2014,4685
NIC,2015,4866
NIC,2016,5015.864324456716
NIC,2017,5174.223937230618
NIC,2018,4930.429632849396
NIC,2019,4721.727406340627
NIC,2020,4575.186325096798
NIC,2021,4978.84140892313
NIC,2022,5092.841227313294
NLD,1960,13209
NLD,1961,13074
NLD,1962,13770
NLD,1963,14078
NLD,1964,15042
NLD,1965,15618
NLD,1966,15838
NLD,1967,16483
NLD,1968,17365
NLD,1969,18270
NLD,1970,19075
NLD,1971,19636
NLD,1972,20079
NLD,1973,20851
NLD,1974,21514
NLD,1975,21318
NLD,1976,22132
NLD,1977,22598
NLD,1978,22992
NLD,1979,23347
NLD,1980,23438
NLD,1981,23153
NLD,1982,22780
NLD,1983,23086
NLD,1984,23750
NLD,1985,24361
NLD,1986,24893
NLD,1987,25085
NLD,1988,25574
NLD,1989,26612
NLD,1990,27515
NLD,1991,28126.78128729326
NLD,1992,28555.731843562444
NLD,1993,28879.995637789518
NLD,1994,29727.555977579766
NLD,1995,30680.346818344584
NLD,1996,31811.739177846182
NLD,1997,33199.63247748674
NLD,1998,34688.551972478344
NLD,1999,36409.076594083985
NLD,2000,37899.95037765948
NLD,2001,38636.22114859548
NLD,2002,38653.123690763896
NLD,2003,38803.95858555849
NLD,2004,39682.37611246844
NLD,2005,40679.489520828436
NLD,2006,42286.51007982917
NLD,2007,44008.75173113088
NLD,2008,44840.71137006535
NLD,2009,43178.50694578154
NLD,2010,43812.34916817474
NLD,2011,44591
NLD,2012,43968.25377669789
NLD,2013,43782.968262272545
NLD,2014,44245.55891701035
NLD,2015,44912.665233009604
NLD,2016,45654.468892801175
NLD,2017,46706.43859939366
NLD,2018,47528.90299759168
NLD,2019,48142.67175996077
NLD,2020,46014.48428690067
NLD,2021,48001.83815004105
NLD,2022,49669.86855501835
NOR,1960,11483
NOR,1961,12106
NOR,1962,12347
NOR,1963,12723
NOR,1964,13256
NOR,1965,13852
NOR,1966,14258
NOR,1967,15020
NOR,1968,15224
NOR,1969,15779
NOR,1970,15983
NOR,1971,16692
NOR,1972,17409
NOR,1973,18050
NOR,1974,18691
NOR,1975,19560
NOR,1976,20610
NOR,1977,21399
NOR,1978,22061
NOR,1979,22971
NOR,1980,24031
NOR,1981,24179
NOR,1982,24141
NOR,1983,24924
NOR,1984,26321
NOR,1985,27608
NOR,1986,28504
NOR,1987,28953
NOR,1988,28786
NOR,1989,28942
NOR,1990,29434
NOR,1991,31127.67514275106
NOR,1992,33041.20543946448
NOR,1993,34819.51677543695
NOR,1994,37492.83768381588
NOR,1995,40043.79829397424
NOR,1996,43133.1434703702
NOR,1997,46556.479232082784
NOR,1998,48956.729327077825
NOR,1999,51129.18287611082
NOR,2000,54039.960727798505
NOR,2001,56578.377089947855
NOR,2002,58840.41420772429
NOR,2003,60852.25952013438
NOR,2004,64824.14443014642
NOR,2005,68108.55554368123
NOR,2006,71310.52895068977
NOR,2007,74879.80862329547
NOR,2008,76522.06344265514
NOR,2009,76625.63387616538
NOR,2010,78476.14531495779
NOR,2011,80623
NOR,2012,81725.21850568223
NOR,2013,81564.2937502866
NOR,2014,82311.32497785415
NOR,2015,82983.99523508434
NOR,2016,83213.01259246765
NOR,2017,84600.70739739561
NOR,2018,84739.91970070468
NOR,2019,85115.3230859659
NOR,2020,83543.09832942951
NOR,2021,86334.59325126758
NOR,2022,88366.21932847245
NPL,1960,980
NPL,1961,990
NPL,1962,998
NPL,1963,1006
NPL,1964,1012
NPL,1965,1019
NPL,1966,1071
NPL,1967,1034
NPL,1968,1023
NPL,1969,1049
NPL,1970,1055
NPL,1971,1022
NPL,1972,1034
NPL,1973,1009
NPL,1974,1052
NPL,1975,1047
NPL,1976,1071
NPL,1977,1081
NPL,1978,1105
NPL,1979,1106
NPL,1980,1057
NPL,1981,1119
NPL,1982,1135
NPL,1983,1076
NPL,1984,1152
NPL,1985,1194
NPL,1986,1218
NPL,1987,1208
NPL,1988,1269
NPL,1989,1290
NPL,1990,1315
NPL,1991,1360.7835450119917
NPL,1992,1374.6611849864776
NPL,1993,1385.2410615719577
NPL,1994,1456.0202965652613
NPL,1995,1468.0789453289215
NPL,1996,1511.7336730097186
NPL,1997,1558.3987854155582
NPL,1998,1570.6634930142088
NPL,1999,1609.1802762204345
NPL,2000,1676.7456451078976
NPL,2001,1738.3141794103872
NPL,2002,1709.778699379073
NPL,2003,1747.776601385109
NPL,2004,1802.1438478506327
NPL,2005,1836.3057151746214
NPL,2006,1884.1871667937132
NPL,2007,1927.3865031104444
NPL,2008,2021.1540837983846
NPL,2009,2085.2436141145413
NPL,2010,2152.274587448379
NPL,2011,2189
NPL,2012,2258
NPL,2013,2316
NPL,2014,2421
NPL,2015,2455
NPL,2016,2443.432481768947
NPL,2017,2632.340821601693
NPL,2018,2800.859682238255
NPL,2019,2953.560230153333
NPL,2020,2832.860944763906
NPL,2021,2902.0501722250265
NPL,2022,3013.5177675161785
NZL,1960,15087
NZL,1961,15533
NZL,1962,15511
NZL,1963,16150
NZL,1964,16606
NZL,1965,17341
NZL,1966,18111
NZL,1967,17027
NZL,1968,16809
NZL,1969,18348
NZL,1970,17835
NZL,1971,18452
NZL,1972,18889
NZL,1973,19804
NZL,1974,20529
NZL,1975,19907
NZL,1976,20161
NZL,1977,19110
NZL,1978,19182
NZL,1979,19580
NZL,1980,19681
NZL,1981,20537
NZL,1982,20715
NZL,1983,21015
NZL,1984,21783
NZL,1985,21780
NZL,1986,22124
NZL,1987,22142
NZL,1988,22022
NZL,1989,22107
NZL,1990,21817
NZL,1991,21125.894441464632
NZL,1992,21093.06134026169
NZL,1993,21897.675589250273
NZL,1994,23076.8580370377
NZL,1995,23751.903279923346
NZL,1996,24321.248009389717
NZL,1997,24802.129652390377
NZL,1998,24861.415744330163
NZL,1999,25867.99278194082
NZL,2000,26823.01745930254
NZL,2001,27167.31853490533
NZL,2002,28065.855955148236
NZL,2003,28876.28695203709
NZL,2004,29806.73526544015
NZL,2005,30270.247318837275
NZL,2006,30798.6310699084
NZL,2007,31784.44081904042
NZL,2008,31444.63323540741
NZL,2009,31233.075830391692
NZL,2010,31586.08932678963
NZL,2011,32057
NZL,2012,32714.73260944279
NZL,2013,33109.26129665986
NZL,2014,33591.32021166519
NZL,2015,34248.47720110293
NZL,2016,34879.93804063972
NZL,2017,35573.96344750606
NZL,2018,36420.04873497191
NZL,2019,36912.075718532695
NZL,2020,35853.692992715216
NZL,2021,37837.45806607527
NZL,2022,38250.12239372281
OMN,1960,1490
OMN,1961,1471
OMN,1962,1728
OMN,1963,1758
OMN,1964,1714
OMN,1965,1678
OMN,1966,1722
OMN,1967,2788
OMN,1968,4932
OMN,1969,6028
OMN,1970,6056
OMN,1971,5923
OMN,1972,6271
OMN,1973,5227
OMN,1974,5644
OMN,1975,6802
OMN,1976,7328
OMN,1977,6998
OMN,1978,6513
OMN,1979,6446
OMN,1980,6491
OMN,1981,7210
OMN,1982,7651
OMN,1983,8521
OMN,1984,9526
OMN,1985,10433
OMN,1986,10268
OMN,1987,10699
OMN,1988,10633
OMN,1989,10692
OMN,1990,10327
OMN,1991,11131.000161499865
OMN,1992,12251.157612838055
OMN,1993,13226.643232366689
OMN,1994,14079.533055632632
OMN,1995,15292.175962180614
OMN,1996,16491.167828769783
OMN,1997,18518.480505769527
OMN,1998,20213.02037793395
OMN,1999,21519.670874485142
OMN,2000,24186.36539832847
OMN,2001,26431.100510242468
OMN,2002,27141.842908555063
OMN,2003,27313.979688054027
OMN,2004,28607.084364072365
OMN,2005,30392.56006950844
OMN,2006,33374.89387593973
OMN,2007,36424.97935431351
OMN,2008,40909.93793079612
OMN,2009,44244.64655098686
OMN,2010,46182.160122218935
OMN,2011,44454
OMN,2012,47427.58310966899
OMN,2013,48900.75666507833
OMN,2014,48528.4104469355
OMN,2015,49926.876575049
OMN,2016,51382.73606636621
OMN,2017,50502.680279503904
OMN,2018,50135.401923433776
OMN,2019,48596.52895658961
OMN,2020,46133.20980381452
OMN,2021,46573.575763828216
OMN,2022,47988.64770074963
PAK,1960,1031
PAK,1961,1066
PAK,1962,1114
PAK,1963,1152
PAK,1964,1208
PAK,1965,1229
PAK,1966,1294
PAK,1967,1307
PAK,1968,1361
PAK,1969,1411
PAK,1970,1517
PAK,1971,1484
PAK,1972,1455
PAK,1973,1521
PAK,1974,1533
PAK,1975,1559
PAK,1976,1604
PAK,1977,1631
PAK,1978,1720
PAK,1979,1733
PAK,1980,1851
PAK,1981,1924
PAK,1982,2002
PAK,1983,2077
PAK,1984,2106
PAK,1985,2230
PAK,1986,2302
PAK,1987,2364
PAK,1988,2442
PAK,1989,2487
PAK,1990,2531
PAK,1991,2644.574215569029
PAK,1992,2732.381621099054
PAK,1993,2777.332031983147
PAK,1994,2855.9061964784687
PAK,1995,2947.682626212989
PAK,1996,2979.808225508058
PAK,1997,2986.7055656454686
PAK,1998,3035.4517015776883
PAK,1999,3111.9585703627713
PAK,2000,3154.5115800695457
PAK,2001,3176.9467765872632
PAK,2002,3265.6866153770698
PAK,2003,3437.9918213428978
PAK,2004,3664.5334321270198
PAK,2005,3883.934514913529
PAK,2006,4062.666456993414
PAK,2007,4160.365169369131
PAK,2008,4224.404803717347
PAK,2009,4288.461819263837
PAK,2010,4354.266950826545
PAK,2011,4464
PAK,2012,4538.345659254035
PAK,2013,4638.161854593577
PAK,2014,4750.8781699193805
PAK,2015,4889.914999073702
PAK,2016,5030.835315005946
PAK,2017,5189.93690240922
PAK,2018,5299.070726267489
PAK,2019,5219.534107146035
PAK,2020,5242.695082296415
PAK,2021,5463.774527616066
PAK,2022,5531.7229733188515
PAN,1960,3217
PAN,1961,3462
PAN,1962,3647
PAN,1963,3877
PAN,1964,3929
PAN,1965,4151
PAN,1966,4331
PAN,1967,4559
PAN,1968,4752
PAN,1969,4976
PAN,1970,5131
PAN,1971,5471
PAN,1972,5571
PAN,1973,5719
PAN,1974,5695
PAN,1975,5649
PAN,1976,5604
PAN,1977,5512
PAN,1978,5946
PAN,1979,6075
PAN,1980,6849
PAN,1981,7313
PAN,1982,7444
PAN,1983,7186
PAN,1984,7192
PAN,1985,7404
PAN,1986,7578
PAN,1987,7653
PAN,1988,6743
PAN,1989,6715
PAN,1990,7119
PAN,1991,7659.470068810521
PAN,1992,8148.631578366972
PAN,1993,8450.671662660901
PAN,1994,8549.647580230898
PAN,1995,8555.783356594811
PAN,1996,8652.075758425297
PAN,1997,9054.722042605272
PAN,1998,9560.335446830137
PAN,1999,9784.694118187648
PAN,2000,9898.787780608176
PAN,2001,9804.558814722486
PAN,2002,9879.4543564848
PAN,2003,10153.772014301005
PAN,2004,10769.523182504083
PAN,2005,11389.243951547502
PAN,2006,12195.746842831204
PAN,2007,13492.382977769259
PAN,2008,14466.96734178384
PAN,2009,14515.766021072732
PAN,2010,15169.124712275998
PAN,2011,16762
PAN,2012,18051
PAN,2013,18979
PAN,2014,19855
PAN,2015,20723
PAN,2016,21445.12474748985
PAN,2017,22331.217072729334
PAN,2018,22843.750444334593
PAN,2019,23218.4307781181
PAN,2020,18840.739095054367
PAN,2021,21539.070766353063
PAN,2022,23557.019553502487
PER,1960,4733
PER,1961,5008
PER,1962,5230
PER,1963,5314
PER,1964,5523
PER,1965,5729
PER,1966,6038
PER,1967,6107
PER,1968,5874
PER,1969,5859
PER,1970,6143
PER,1971,6242
PER,1972,6264
PER,1973,6413
PER,1974,6566
PER,1975,6896
PER,1976,6808
PER,1977,6626
PER,1978,6454
PER,1979,6664
PER,1980,6795
PER,1981,6921
PER,1982,6770
PER,1983,5729
PER,1984,5859
PER,1985,5844
PER,1986,6290
PER,1987,6682
PER,1988,6003
PER,1989,5160
PER,1990,4795
PER,1991,4812.211783683929
PER,1992,4698.483047665015
PER,1993,4857.021153915113
PER,1994,5361.422622433439
PER,1995,5668.032852865704
PER,1996,5739.790044365207
PER,1997,6027.816438107846
PER,1998,5926.7329222811695
PER,1999,5945.195331123355
PER,2000,6038.244426976612
PER,2001,6010.225032486101
PER,2002,6274.418486889141
PER,2003,6472.340881281997
PER,2004,6731.004687316251
PER,2005,7091.133296825651
PER,2006,7560.897175590482
PER,2007,8138.364968767314
PER,2008,8812.618181733798
PER,2009,8836.016607564105
PER,2010,9507.7801294655
PER,2011,10044
PER,2012,10605.588696987215
PER,2013,11173.43797592101
PER,2014,11389.862201766016
PER,2015,11713.570189017371
PER,2016,12132.03511095255
PER,2017,12390.033317724596
PER,2018,12677.874570671223
PER,2019,12680.353829006035
PER,2020,11136.991090246232
PER,2021,12550.460889975755
PER,2022,12762.966819894918
PHL,1960,2353
PHL,1961,2410
PHL,1962,2450
PHL,1963,2542
PHL,1964,2550
PHL,1965,2603
PHL,1966,2636
PHL,1967,2694
PHL,1968,2745
PHL,1969,2789
PHL,1970,2812
PHL,1971,2882
PHL,1972,2954
PHL,1973,3131
PHL,1974,3154
PHL,1975,3241
PHL,1976,3430
PHL,1977,3524
PHL,1978,3606
PHL,1979,3703
PHL,1980,3787
PHL,1981,3819
PHL,1982,3859
PHL,1983,3837
PHL,1984,3469
PHL,1985,3135
PHL,1986,3161
PHL,1987,3218
PHL,1988,3355
PHL,1989,3481
PHL,1990,3502
PHL,1991,3432.582750874769
PHL,1992,3399.242617959663
PHL,1993,3427.1294302854944
PHL,1994,3529.007334686565
PHL,1995,3637.6255613143517
PHL,1996,3790.7787888230337
PHL,1997,3928.014381430732
PHL,1998,3852.632743171977
PHL,1999,3917.0886431100816
PHL,2000,4033.5608918822336
PHL,2001,4090.2183289935147
PHL,2002,4181.375748205981
PHL,2003,4333.213811692893
PHL,2004,4562.502675564325
PHL,2005,4721.000727072252
PHL,2006,4908.616862332096
PHL,2007,5172.661871018685
PHL,2008,5328.682449645144
PHL,2009,5338.306243301913
PHL,2010,5694.046728858069
PHL,2011,5851
PHL,2012,6155.8294933463385
PHL,2013,6465.517991009674
PHL,2014,6760.762822589173
PHL,2015,7070.475789002368
PHL,2016,7463.518188004978
PHL,2017,7865.814871472137
PHL,2018,8234.928093332479
PHL,2019,8602.145534202311
PHL,2020,7624.413564948383
PHL,2021,7894.1779524459735
PHL,2022,8370.666118920128
POL,1960,5125
POL,1961,5461
POL,1962,5325
POL,1963,5582
POL,1964,5773
POL,1965,6036
POL,1966,6362
POL,1967,6540
POL,1968,6881
POL,1969,6760
POL,1970,7058
POL,1971,7503
POL,1972,7986
POL,1973,8512
POL,1974,8928
POL,1975,9258
POL,1976,9397
POL,1977,9483
POL,1978,9741
POL,1979,9471
POL,1980,9149
POL,1981,8584
POL,1982,8429
POL,1983,8764
POL,1984,9006
POL,1985,9022
POL,1986,9240
POL,1987,9059
POL,1988,9228
POL,1989,9060
POL,1990,8150
POL,1991,7625.84268658559
POL,1992,7873.9249022208405
POL,1993,8229.529071554278
POL,1994,8721.827380289787
POL,1995,9408.274536717501
POL,1996,10066.171033531757
POL,1997,10811.274224041745
POL,1998,11413.25589938339
POL,1999,12058.419766451196
POL,2000,12732.166764174506
POL,2001,13017.584250694907
POL,2002,13415.5709344415
POL,2003,14035.636389115969
POL,2004,14906.09421678974
POL,2005,15580.93671792739
POL,2006,16711.447988068474
POL,2007,18067.42798412524
POL,2008,19011.546091905482
POL,2009,19718.464438679377
POL,2010,20608.69309473939
POL,2011,21837
POL,2012,22169.82560164373
POL,2013,22378.30419480347
POL,2014,23247.8180652457
POL,2015,24285.1415102141
POL,2016,25020.620325784213
POL,2017,26310.11373000858
POL,2018,27880.835095239196
POL,2019,29142.024249741866
POL,2020,28577.141385891355
POL,2021,30687.66286250352
POL,2022,32468.40269329398
PRI,1960,5451
PRI,1961,5859
PRI,1962,6183
PRI,1963,6693
PRI,1964,7012
PRI,1965,7519
PRI,1966,7957
PRI,1967,8388
PRI,1968,8705
PRI,1969,9306
PRI,1970,10117
PRI,1971,10587
PRI,1972,11046
PRI,1973,11639
PRI,1974,11552
PRI,1975,11073
PRI,1976,11308
PRI,1977,11832
PRI,1978,12463
PRI,1979,13012
PRI,1980,13040
PRI,1981,13061
PRI,1982,12511
PRI,1983,12428
PRI,1984,13201
PRI,1985,13345
PRI,1986,14304
PRI,1987,14870
PRI,1988,15701
PRI,1989,16332
PRI,1990,16799
PRI,1991,17332.180555569845
PRI,1992,18290.732312059266
PRI,1993,19278.626736749986
PRI,1994,20213.114289924146
PRI,1995,21267.376948546833
PRI,1996,21856.017436291193
PRI,1997,23069.027284417825
PRI,1998,24586.221778323834
PRI,1999,26186.29957210674
PRI,2000,27392.458835101163
PRI,2001,29517.04844797766
PRI,2002,30218.01310480458
PRI,2003,30688.10105113071
PRI,2004,32110.836956060444
PRI,2005,32013.54085987913
PRI,2006,32195.160598556846
PRI,2007,32511.114306762483
PRI,2008,32604.090062103834
PRI,2009,32648.10443234164
PRI,2010,33195.44278777433
PRI,2011,33981
PRI,2012,34395
PRI,2013,34736
PRI,2014,34787
PRI,2015,35384
PRI,2016,35594.52195288389
PRI,2017,35248.396888220675
PRI,2018,34190.109014779955
PRI,2019,35041.328143130086
PRI,2020,33787.398225739256
PRI,2021,34095.49101001594
PRI,2022,35280.66642312488
PRK,1960,NA
PRK,1961,NA
PRK,1962,NA
PRK,1963,NA
PRK,1964,NA
PRK,1965,NA
PRK,1966,NA
PRK,1967,NA
PRK,1968,NA
PRK,1969,NA
PRK,1970,NA
PRK,1971,NA
PRK,1972,NA
PRK,1973,NA
PRK,1974,NA
PRK,1975,NA
PRK,1976,NA
PRK,1977,NA
PRK,1978,NA
PRK,1979,NA
PRK,1980,NA
PRK,1981,NA
PRK,1982,NA
PRK,1983,NA
PRK,1984,NA
PRK,1985,NA
PRK,1986,NA
PRK,1987,NA
PRK,1988,NA
PRK,1989,NA
PRK,1990,2455.8185769482334
PRK,1991,2315.958868695438
PRK,1992,2120.546124627793
PRK,1993,1996.2933404759053
PRK,1994,1925.956032988804
PRK,1995,1816.0090099400354
PRK,1996,1733.0995057492387
PRK,1997,1604.8995267445302
PRK,1998,1579.9309296418764
PRK,1999,1664.6421502877936
PRK,2000,1657.1444357722455
PRK,2001,1704.3732616171671
PRK,2002,1710.9495720157613
PRK,2003,1729.6220787206848
PRK,2004,1753.6919336925446
PRK,2005,1808.0618257976382
PRK,2006,1778.4956591552389
PRK,2007,1746.9275624945565
PRK,2008,1794.6573716776575
PRK,2009,1768.889749799751
PRK,2010,1751.4362816113617
PRK,2011,1756.6108066887382
PRK,2012,1770.920941542846
PRK,2013,1781.3008453449445
PRK,2014,1791.3436400976298
PRK,2015,1762.5166753384246
PRK,2016,1821.212087906053
PRK,2017,1749.0595279869337
PRK,2018,1668.5445737640475
PRK,2019,1666.8143771736584
PRK,2020,1584.377085405004
PRK,2021,1577.132110470986
PRK,2022,1568.8469895998494
PRT,1960,4712
PRT,1961,4972
PRT,1962,5308
PRT,1963,5585
PRT,1964,5926
PRT,1965,6363
PRT,1966,6637
PRT,1967,7143
PRT,1968,7767
PRT,1969,7949
PRT,1970,8724
PRT,1971,9358
PRT,1972,10130
PRT,1973,11258
PRT,1974,11234
PRT,1975,10388
PRT,1976,10861
PRT,1977,11422
PRT,1978,11700
PRT,1979,12326
PRT,1980,12822
PRT,1981,12934
PRT,1982,13198
PRT,1983,13158
PRT,1984,12894
PRT,1985,13240
PRT,1986,13774
PRT,1987,14641
PRT,1988,15729
PRT,1989,16533
PRT,1990,17256
PRT,1991,17949.808301173023
PRT,1992,18598.528110745836
PRT,1993,18519.933184056696
PRT,1994,18819.02641793187
PRT,1995,19262.030321388447
PRT,1996,19939.31129143236
PRT,1997,20810.178605354424
PRT,1998,21782.118696572663
PRT,1999,22589.92161795095
PRT,2000,23372.040142230104
PRT,2001,23751.37172554714
PRT,2002,23896.45964001251
PRT,2003,23677.518852435078
PRT,2004,24142.76657092593
PRT,2005,24377.949873274138
PRT,2006,24809.039589187923
PRT,2007,25477.205995874305
PRT,2008,25590.88043553619
PRT,2009,24902.45692035445
PRT,2010,25463.163102150593
PRT,2011,25133
PRT,2012,24211.437538256683
PRT,2013,24119.960836086902
PRT,2014,24442.386247150665
PRT,2015,24983.702146500676
PRT,2016,25568.694824878698
PRT,2017,26529.98675137185
PRT,2018,27329.690374204638
PRT,2019,28056.056109858426
PRT,2020,25700.28384167499
PRT,2021,27138.478461994975
PRT,2022,28992.058292173202
PRY,1960,2346
PRY,1961,2396
PRY,1962,2499
PRY,1963,2504
PRY,1964,2546
PRY,1965,2624
PRY,1966,2584
PRY,1967,2676
PRY,1968,2699
PRY,1969,2730
PRY,1970,2825
PRY,1971,2906
PRY,1972,3017
PRY,1973,3150
PRY,1974,3319
PRY,1975,3464
PRY,1976,3629
PRY,1977,3945
PRY,1978,4302
PRY,1979,4693
PRY,1980,5113
PRY,1981,5424
PRY,1982,5230
PRY,1983,4935
PRY,1984,4945
PRY,1985,4994
PRY,1986,4854
PRY,1987,4919
PRY,1988,5082
PRY,1989,5222
PRY,1990,5230
PRY,1991,5224.29964823441
PRY,1992,5186.563954119006
PRY,1993,5270.899491641785
PRY,1994,5305.500600004414
PRY,1995,5463.622803755436
PRY,1996,5360.743303438505
PRY,1997,5399.425768816535
PRY,1998,5321.919255014399
PRY,1999,5150.408535771523
PRY,2000,4896.429548054788
PRY,2001,4918.045924705952
PRY,2002,5571.427457826614
PRY,2003,5726.990011574312
PRY,2004,5876.660274280204
PRY,2005,5922.7908497059425
PRY,2006,6128.642431612889
PRY,2007,6383.485205573556
PRY,2008,6713.030207716694
PRY,2009,6376.941542522253
PRY,2010,7139.026843533729
PRY,2011,7377
PRY,2012,7232.376097145511
PRY,2013,7735.564733585137
PRY,2014,8047.593473162891
PRY,2015,8188.403618735497
PRY,2016,8438.709446905918
PRY,2017,8741.24486477908
PRY,2018,8915.668486218812
PRY,2019,8776.075922181637
PRY,2020,8603.078968662478
PRY,2021,8845.659158428356
PRY,2022,8762.771473614272
PSE,1960,2248
PSE,1961,2287
PSE,1962,2381
PSE,1963,2479
PSE,1964,2585
PSE,1965,2703
PSE,1966,2917
PSE,1967,2852
PSE,1968,2636
PSE,1969,2791
PSE,1970,3008
PSE,1971,3338
PSE,1972,3797
PSE,1973,3537
PSE,1974,4159
PSE,1975,4085
PSE,1976,4605
PSE,1977,4439
PSE,1978,4874
PSE,1979,4677
PSE,1980,5239
PSE,1981,4811
PSE,1982,5088
PSE,1983,4733
PSE,1984,4807
PSE,1985,4619
PSE,1986,5330
PSE,1987,5004
PSE,1988,4745
PSE,1989,4682
PSE,1990,5345
PSE,1991,4732.1707378122765
PSE,1992,5410.624860513377
PSE,1993,5527.994894591654
PSE,1994,5893.470080553527
PSE,1995,5756.845080127221
PSE,1996,5320.255431795181
PSE,1997,5598.02091623714
PSE,1998,6051.882863054289
PSE,1999,6204.646561776398
PSE,2000,5377.393510417403
PSE,2001,4626.303136294866
PSE,2002,3842.146373133057
PSE,2003,4158.299311881024
PSE,2004,4358.517574802476
PSE,2005,4589.625827493029
PSE,2006,4193.15374550199
PSE,2007,4250.988726059923
PSE,2008,4287.209196593138
PSE,2009,4426.316815164755
PSE,2010,4548.53105311676
PSE,2011,4863
PSE,2012,5054
PSE,2013,5054
PSE,2014,4939
PSE,2015,5003
PSE,2016,5316.988319387711
PSE,2017,5269.6026726028185
PSE,2018,5218.156432716277
PSE,2019,5176.979557656634
PSE,2020,4490.754810288136
PSE,2021,4698.932604647453
PSE,2022,4775.202059145595
QAT,1960,52299
QAT,1961,48516
QAT,1962,46304
QAT,1963,44912
QAT,1964,42186
QAT,1965,41101
QAT,1966,50660
QAT,1967,55566
QAT,1968,58010
QAT,1969,56236
QAT,1970,51921
QAT,1971,59731
QAT,1972,62416
QAT,1973,68407
QAT,1974,57594
QAT,1975,54866
QAT,1976,55169
QAT,1977,45999
QAT,1978,47072
QAT,1979,45806
QAT,1980,45860
QAT,1981,37307
QAT,1982,29046
QAT,1983,23146
QAT,1984,20354
QAT,1985,16558
QAT,1986,12881
QAT,1987,12819
QAT,1988,12492
QAT,1989,12137
QAT,1990,11705
QAT,1991,12417.64270753359
QAT,1992,15042.123159110417
QAT,1993,16221.045570990258
QAT,1994,17955.31481774725
QAT,1995,19959.703059990767
QAT,1996,22395.263887484165
QAT,1997,30989.149727561686
QAT,1998,36448.05653884442
QAT,1999,40135.17472946597
QAT,2000,45788.122704193
QAT,2001,50525.70583935578
QAT,2002,57541.10338929801
QAT,2003,62234.213824204206
QAT,2004,74372.93251805927
QAT,2005,76808.42001416511
QAT,2006,90120.91798318898
QAT,2007,97912.69049207192
QAT,2008,107402.05610585345
QAT,2009,115283.41660227133
QAT,2010,134802.78185178977
QAT,2011,155533
QAT,2012,154339.816050374
QAT,2013,155657.12776683117
QAT,2014,157712.90912789595
QAT,2015,159800.18870866153
QAT,2016,160051.23540942746
QAT,2017,153819.10224360012
QAT,2018,152453.80563669704
QAT,2019,150732.22033810467
QAT,2020,143118.52374306676
QAT,2021,143468.7564605031
QAT,2022,149171.10570103163
ROU,1960,2938.8025721958015
ROU,1961,3109.8738518860614
ROU,1962,3199.499973880075
ROU,1963,3405.6586725009292
ROU,1964,3599.466963610232
ROU,1965,3803.3680688030013
ROU,1966,4212.697457030035
ROU,1967,4372.449397308585
ROU,1968,4366.120220018751
ROU,1969,4501.124297547428
ROU,1970,4547.402146183206
ROU,1971,5134.186718340132
ROU,1972,5413.41779052776
ROU,1973,5541.713361608214
ROU,1974,5796.996026582673
ROU,1975,5995.4506623028055
ROU,1976,6243.146319445189
ROU,1977,6322.240335288323
ROU,1978,6476.156522655519
ROU,1979,6612.02235326066
ROU,1980,6591.636513949968
ROU,1981,6514.126853161042
ROU,1982,6490.436690532253
ROU,1983,6418.193880459252
ROU,1984,6659.454043513265
ROU,1985,6628.606205102942
ROU,1986,6718.444626288143
ROU,1987,6551.89904388016
ROU,1988,6511.956109065193
ROU,1989,6281.154179014025
ROU,1990,5596
ROU,1991,5033.141019477643
ROU,1992,4818.30439775258
ROU,1993,5055.917170261037
ROU,1994,5427.070568283564
ROU,1995,6014.689713970484
ROU,1996,6476.474475399121
ROU,1997,6446.417752776129
ROU,1998,6407.4668817494485
ROU,1999,6613.93288019736
ROU,2000,7089.9461257364155
ROU,2001,7860.443226116575
ROU,2002,8673.618743410765
ROU,2003,9369.233163845101
ROU,2004,10531.171802216866
ROU,2005,11313.822419190723
ROU,2006,12823.23183934203
ROU,2007,14418.829976779476
ROU,2008,16347.34353433489
ROU,2009,15866.126776608
ROU,2010,16377.328022560869
ROU,2011,17174
ROU,2012,17580.932300095516
ROU,2013,17691.442894540312
ROU,2014,18487.25965078638
ROU,2015,19162.18651066976
ROU,2016,19825.60255468913
ROU,2017,23003.695205853586
ROU,2018,24000.455994795153
ROU,2019,23267.51545911466
ROU,2020,24799.711832890163
ROU,2021,26102.587643082406
ROU,2022,26197.90495028856
RUS,1960,5557
RUS,1961,5874
RUS,1962,6229
RUS,1963,6405
RUS,1964,6754
RUS,1965,7068
RUS,1966,7517
RUS,1967,7943
RUS,1968,8391
RUS,1969,8563
RUS,1970,9234
RUS,1971,9567
RUS,1972,9785
RUS,1973,10492
RUS,1974,10801
RUS,1975,11164
RUS,1976,11426
RUS,1977,11692
RUS,1978,11829
RUS,1979,11867
RUS,1980,12204
RUS,1981,12274
RUS,1982,12267
RUS,1983,12420
RUS,1984,12379
RUS,1985,12475
RUS,1986,12694
RUS,1987,12597
RUS,1988,12720
RUS,1989,12766
RUS,1990,12400
RUS,1991,12012.235520911763
RUS,1992,10487.547701220914
RUS,1993,9789.066758780478
RUS,1994,8743.746867305255
RUS,1995,8586.323562815192
RUS,1996,8479.380775595977
RUS,1997,8813.350058351298
RUS,1998,8557.495150908202
RUS,1999,9340.029375033197
RUS,2000,10552.884609580398
RUS,2001,11391.194503473524
RUS,2002,12259.47691558721
RUS,2003,13521.23894476872
RUS,2004,14880.97870450909
RUS,2005,16243.100494106367
RUS,2006,18008.336075159772
RUS,2007,20018.122985683014
RUS,2008,21563.461915437165
RUS,2009,20335.557700868165
RUS,2010,21737.38391897307
RUS,2011,23130
RUS,2012,24020.311183798607
RUS,2013,24389.973587903314
RUS,2014,24135.03574084397
RUS,2015,23607.954048943615
RUS,2016,23610.36882307424
RUS,2017,24013.96727467266
RUS,2018,24690.082293377545
RUS,2019,25244.118677579016
RUS,2020,24625.384368269115
RUS,2021,26119.94763869551
RUS,2022,25437.10802228907
RWA,1960,1224
RWA,1961,1167
RWA,1962,1296
RWA,1963,1140
RWA,1964,980
RWA,1965,1023
RWA,1966,1065
RWA,1967,1109
RWA,1968,1154
RWA,1969,1243
RWA,1970,1337
RWA,1971,1315
RWA,1972,1282
RWA,1973,1288
RWA,1974,1262
RWA,1975,1199
RWA,1976,1387
RWA,1977,1409
RWA,1978,1495
RWA,1979,1584
RWA,1980,1672
RWA,1981,1706
RWA,1982,1680
RWA,1983,1722
RWA,1984,1597
RWA,1985,1621
RWA,1986,1642
RWA,1987,1586
RWA,1988,1538
RWA,1989,1476
RWA,1990,1398
RWA,1991,1282.2594020098666
RWA,1992,1301.68900792678
RWA,1993,1110.9208570738879
RWA,1994,707.2970999965479
RWA,1995,1049.2385340757573
RWA,1996,976.4079106126928
RWA,1997,932.0058921572738
RWA,1998,950.3894736889112
RWA,1999,975.8359224734273
RWA,2000,1023.6182271306598
RWA,2001,1067.2347821601004
RWA,2002,1154.1060934850136
RWA,2003,1130.0414042181624
RWA,2004,1159.0281083995703
RWA,2005,1210.510543125559
RWA,2006,1261.7609170744302
RWA,2007,1291.1933253131835
RWA,2008,1364.7450128933215
RWA,2009,1384.258851213705
RWA,2010,1416.3923071164816
RWA,2011,1449
RWA,2012,1528.551959470961
RWA,2013,1552.4253481053033
RWA,2014,1601.3937994861476
RWA,2015,1708.3466517492332
RWA,2016,1774.9014560703008
RWA,2017,1799.4739939307942
RWA,2018,1908.0489403418294
RWA,2019,2042.852962183972
RWA,2020,1935.2662175115968
RWA,2021,2106.9736460457234
RWA,2022,2198.066263846081
SAU,1960,5928
SAU,1961,6481
SAU,1962,7085
SAU,1963,7516
SAU,1964,7978
SAU,1965,8717
SAU,1966,9726
SAU,1967,10302
SAU,1968,10916
SAU,1969,11429
SAU,1970,12153
SAU,1971,13509
SAU,1972,15138
SAU,1973,17598
SAU,1974,19659
SAU,1975,18788
SAU,1976,19297
SAU,1977,20824
SAU,1978,20593
SAU,1979,20472
SAU,1980,21068
SAU,1981,21393
SAU,1982,20535
SAU,1983,17315
SAU,1984,16343
SAU,1985,14422
SAU,1986,12897
SAU,1987,12919
SAU,1988,12795
SAU,1989,12758
SAU,1990,14335
SAU,1991,16830.4130827267
SAU,1992,17905.28016427932
SAU,1993,18101.092218880305
SAU,1994,18678.931493161912
SAU,1995,19223.331069507778
SAU,1996,20280.49318462111
SAU,1997,21087.42735287861
SAU,1998,22310.917817841906
SAU,1999,22058.573068283844
SAU,2000,23904.515387401043
SAU,2001,24191.995817002055
SAU,2002,24053.97391079058
SAU,2003,27367.093750673946
SAU,2004,30233.510921129888
SAU,2005,32700.332598371617
SAU,2006,34483.04354429613
SAU,2007,36070.317065963885
SAU,2008,39393.428856495084
SAU,2009,39671.5553186176
SAU,2010,42737.65472414734
SAU,2011,48470
SAU,2012,49835.04741610159
SAU,2013,50021.11997734756
SAU,2014,50790.99046582962
SAU,2015,51941.59890346145
SAU,2016,51959.074712164904
SAU,2017,50593.26959586979
SAU,2018,50906.483336460784
SAU,2019,50123.33643593941
SAU,2020,46723.929404879724
SAU,2021,49841.14561838652
SAU,2022,53516.909037017474
SDN,1960,1632
SDN,1961,1588
SDN,1962,1653
SDN,1963,1562
SDN,1964,1505
SDN,1965,1568
SDN,1966,1510
SDN,1967,1423
SDN,1968,1471
SDN,1969,1521
SDN,1970,1415
SDN,1971,1471
SDN,1972,1400
SDN,1973,1243
SDN,1974,1328
SDN,1975,1451
SDN,1976,1664
SDN,1977,1857
SDN,1978,1766
SDN,1979,1524
SDN,1980,1484
SDN,1981,1466
SDN,1982,1599
SDN,1983,1527
SDN,1984,1404
SDN,1985,1274
SDN,1986,1286
SDN,1987,1288
SDN,1988,1282
SDN,1989,1353
SDN,1990,1211
SDN,1991,1277.6891533943106
SDN,1992,1336.0544325201806
SDN,1993,1374.3846461085054
SDN,1994,1386.1075886094598
SDN,1995,1467.7085327520401
SDN,1996,1551.8573888285
SDN,1997,1714.3775453239894
SDN,1998,1785.0995752469096
SDN,1999,1837.4980953785284
SDN,2000,1951.4658011046365
SDN,2001,2075.62212564054
SDN,2002,2205.572361176137
SDN,2003,2373.0568747422217
SDN,2004,2461.3003000273293
SDN,2005,2642.52081684144
SDN,2006,2903.8008913327817
SDN,2007,3233.697682179404
SDN,2008,3478.88758155617
SDN,2009,3580.187810849938
SDN,2010,3707.302678122843
SDN,2011,3669
SDN,2012,2982.5592742963513
SDN,2013,2973.4576224664247
SDN,2014,3031.0373827463864
SDN,2015,3087.5115855376976
SDN,2016,3139.7502420574533
SDN,2017,3068.7511226091838
SDN,2018,2908.528982674828
SDN,2019,2757.3863129199635
SDN,2020,2586.8955093733543
SDN,2021,2532.705787434565
SDN,2022,2405.274971339159
SEN,1960,2303
SEN,1961,2351
SEN,1962,2370
SEN,1963,2402
SEN,1964,2389
SEN,1965,2409
SEN,1966,2404
SEN,1967,2310
SEN,1968,2389
SEN,1969,2171
SEN,1970,2287
SEN,1971,2216
SEN,1972,2289
SEN,1973,2096
SEN,1974,2118
SEN,1975,2225
SEN,1976,2370
SEN,1977,2236
SEN,1978,2082
SEN,1979,2158
SEN,1980,2021
SEN,1981,1943
SEN,1982,2168
SEN,1983,2153
SEN,1984,1989
SEN,1985,2000
SEN,1986,2031
SEN,1987,2048
SEN,1988,2085
SEN,1989,1980
SEN,1990,1999
SEN,1991,1982.6259578746592
SEN,1992,1942.926726530026
SEN,1993,1906.8238689207415
SEN,1994,1847.5982737306877
SEN,1995,1886.5428196677524
SEN,1996,1866.3422850226941
SEN,1997,1866.3910630853445
SEN,1998,1915.4296579046227
SEN,1999,1978.0964215931492
SEN,2000,1983.5240474896116
SEN,2001,2009.9422831921877
SEN,2002,1959.6140988765062
SEN,2003,2025.0234547341772
SEN,2004,2074.953811620793
SEN,2005,2121.158601643095
SEN,2006,2104.4369069665604
SEN,2007,2137.671646782461
SEN,2008,2146.7914646431427
SEN,2009,2129.336394837854
SEN,2010,2151.3247054199974
SEN,2011,2123
SEN,2012,2141.3882665162037
SEN,2013,2127.3863949429815
SEN,2014,2191.976632482056
SEN,2015,2262.312317152156
SEN,2016,2335.865301267428
SEN,2017,2435.960554734759
SEN,2018,2514.807178840567
SEN,2019,2559.8177360224777
SEN,2020,2524.2655476212267
SEN,2021,2607.232089168679
SEN,2022,2660.681725052497
SGP,1960,3464
SGP,1961,3623
SGP,1962,3775
SGP,1963,4049
SGP,1964,3800
SGP,1965,3991
SGP,1966,4317
SGP,1967,4741
SGP,1968,5294
SGP,1969,5931
SGP,1970,6650
SGP,1971,7318
SGP,1972,8155
SGP,1973,8894
SGP,1974,9314
SGP,1975,9602
SGP,1976,10178
SGP,1977,10790
SGP,1978,11588
SGP,1979,12521
SGP,1980,13601
SGP,1981,14335
SGP,1982,14687
SGP,1983,15720
SGP,1984,16767
SGP,1985,16611
SGP,1986,16831
SGP,1987,18345
SGP,1988,19853
SGP,1989,21221
SGP,1990,22666
SGP,1991,23636.682687565295
SGP,1992,24775.571191949388
SGP,1993,27073.71455274396
SGP,1994,29454.612461151275
SGP,1995,30957.28716510822
SGP,1996,32724.48753287557
SGP,1997,34868.065969204246
SGP,1998,33590.481925885586
SGP,1999,35156.118273986554
SGP,2000,37772.75969269712
SGP,2001,36864.57512439727
SGP,2002,37829.90433699141
SGP,2003,38950.74593767965
SGP,2004,42111.166223490945
SGP,2005,44698.8385991564
SGP,2006,48073.588087781725
SGP,2007,51844.06179987221
SGP,2008,52180.17317591849
SGP,2009,51344.47804006122
SGP,2010,58612.73104901974
SGP,2011,61672
SGP,2012,62855.523463330705
SGP,2013,64821.9276146262
SGP,2014,66498.55574905686
SGP,2015,67673.94135324587
SGP,2016,69211.04659674014
SGP,2017,72292.0362293825
SGP,2018,74518.15224723525
SGP,2019,74649.73548482923
SGP,2020,71964.69921997073
SGP,2021,77945.48593929896
SGP,2022,80320.0872024852
SLE,1960,1176
SLE,1961,1181
SLE,1962,1216
SLE,1963,1218
SLE,1964,1215
SLE,1965,1282
SLE,1966,1342
SLE,1967,1313
SLE,1968,1420
SLE,1969,1525
SLE,1970,1553
SLE,1971,1535
SLE,1972,1525
SLE,1973,1553
SLE,1974,1581
SLE,1975,1551
SLE,1976,1511
SLE,1977,1495
SLE,1978,1524
SLE,1979,1572
SLE,1980,1584
SLE,1981,1615
SLE,1982,1610
SLE,1983,1575
SLE,1984,1608
SLE,1985,1610
SLE,1986,1597
SLE,1987,1624
SLE,1988,1626
SLE,1989,1642
SLE,1990,1635
SLE,1991,1467.388793727372
SLE,1992,1354.9681968921223
SLE,1993,1405.1628052991766
SLE,1994,1500.2092032660335
SLE,1995,1383.1081263582325
SLE,1996,1060.5624229843488
SLE,1997,885.2984434245676
SLE,1998,882.7293411817113
SLE,1999,814.1232670083349
SLE,2000,828.7938643016843
SLE,2001,923.0457940799239
SLE,2002,1101.7503787079665
SLE,2003,1156.5191198609707
SLE,2004,1197.1529299055676
SLE,2005,1223.701532685877
SLE,2006,1247.2527561665413
SLE,2007,1320.7576623169489
SLE,2008,1363.4875553892348
SLE,2009,1378.3579388606304
SLE,2010,1421.152059855328
SLE,2011,1479
SLE,2012,1665
SLE,2013,1965
SLE,2014,2007
SLE,2015,1563
SLE,2016,1622.4203469810366
SLE,2017,1643.3286980211972
SLE,2018,1660.4270190798857
SLE,2019,1707.371384348127
SLE,2020,1635.7129817131436
SLE,2021,1665.1047733503528
SLE,2022,1690.498186605573
SLV,1960,2813
SLV,1961,2821
SLV,1962,3062
SLV,1963,3096
SLV,1964,3282
SLV,1965,3351
SLV,1966,3464
SLV,1967,3534
SLV,1968,3524
SLV,1969,3520
SLV,1970,3488
SLV,1971,3553
SLV,1972,3668
SLV,1973,3767
SLV,1974,3912
SLV,1975,4030
SLV,1976,4084
SLV,1977,4221
SLV,1978,4375
SLV,1979,4194
SLV,1980,3781
SLV,1981,3507
SLV,1982,3339
SLV,1983,3330
SLV,1984,3357
SLV,1985,3366
SLV,1986,3327
SLV,1987,3351
SLV,1988,3344
SLV,1989,3322
SLV,1990,3378
SLV,1991,3493.5760993829613
SLV,1992,3750.517218149534
SLV,1993,4052.957777811832
SLV,1994,4316.398047135765
SLV,1995,4592.283572034612
SLV,1996,4671.3390162401065
SLV,1997,4882.680166858979
SLV,1998,5077.892057876197
SLV,1999,5263.886755364256
SLV,2000,5403.714735813695
SLV,2001,5550.186827886887
SLV,2002,5751.060665261519
SLV,2003,5957.201137600365
SLV,2004,6145.979871833931
SLV,2005,6441.495818668856
SLV,2006,6782.2312136035125
SLV,2007,7139.182139582173
SLV,2008,7312.655835061748
SLV,2009,7166.159194236818
SLV,2010,7351.114557716724
SLV,2011,7607
SLV,2012,7726
SLV,2013,7845
SLV,2014,7935
SLV,2015,8109
SLV,2016,8289.273325022343
SLV,2017,8454.199857591828
SLV,2018,8644.790469756123
SLV,2019,8849.833948588395
SLV,2020,8137.974501038323
SLV,2021,9017.391421748993
SLV,2022,9218.905498814594
SRB,1960,3948
SRB,1961,4038
SRB,1962,4237
SRB,1963,4713
SRB,1964,5166
SRB,1965,5231
SRB,1966,5649
SRB,1967,5703
SRB,1968,5761
SRB,1969,6379
SRB,1970,6515
SRB,1971,7084
SRB,1972,7347
SRB,1973,7716
SRB,1974,8322
SRB,1975,8498
SRB,1976,8877
SRB,1977,9529
SRB,1978,9958
SRB,1979,10772
SRB,1980,10724
SRB,1981,10888
SRB,1982,10949
SRB,1983,10707
SRB,1984,10866
SRB,1985,10839
SRB,1986,11180
SRB,1987,10973
SRB,1988,10793
SRB,1989,10963
SRB,1990,9754
SRB,1991,8858.006877188405
SRB,1992,6567.669791318865
SRB,1993,4673.641582575963
SRB,1994,4910.816393581955
SRB,1995,5325.488232393373
SRB,1996,5710.196717778003
SRB,1997,6288.024121515584
SRB,1998,6603.711178938227
SRB,1999,5532.541325559333
SRB,2000,6059.583022178812
SRB,2001,6542.67954226357
SRB,2002,7155.57619129481
SRB,2003,7637.832244100493
SRB,2004,8512.167897092968
SRB,2005,9198.414474122346
SRB,2006,9902.426087512946
SRB,2007,10768.94237882069
SRB,2008,11650.228005412013
SRB,2009,11576.588805870948
SRB,2010,11963.555065920891
SRB,2011,12463
SRB,2012,12438.255912530254
SRB,2013,12860.450783178694
SRB,2014,12717.726229595755
SRB,2015,13013.853795209632
SRB,2016,13518.949698102368
SRB,2017,13876.650483954425
SRB,2018,14579.859039663499
SRB,2019,15293.246244553162
SRB,2020,15256.421028303836
SRB,2021,16563.828727107542
SRB,2022,17097.685872556907
STP,1960,1352
STP,1961,1454
STP,1962,1549
STP,1963,1643
STP,1964,1733
STP,1965,1816
STP,1966,1921
STP,1967,2004
STP,1968,2083
STP,1969,2165
STP,1970,2243
STP,1971,2326
STP,1972,2324
STP,1973,2313
STP,1974,2399
STP,1975,2469
STP,1976,2432
STP,1977,2911
STP,1978,2909
STP,1979,3295
STP,1980,3182
STP,1981,2783
STP,1982,2817
STP,1983,2656
STP,1984,2447
STP,1985,2622
STP,1986,2418
STP,1987,2299
STP,1988,2295
STP,1989,2316
STP,1990,2217
STP,1991,2203.008131751142
STP,1992,2185.464325489205
STP,1993,2183.874280737866
STP,1994,2204.876640693227
STP,1995,2219.4813618441863
STP,1996,2221.0535196854676
STP,1997,2209.4181975595952
STP,1998,2228.9050633273732
STP,1999,2247.1224156594976
STP,2000,2218.8196207945666
STP,2001,2245.606316518989
STP,2002,2250.089429771749
STP,2003,2363.182417572882
STP,2004,2408.760664050671
STP,2005,2532.8706478194363
STP,2006,2713.7618506557574
STP,2007,2752.087700585701
STP,2008,2925.8857811955354
STP,2009,2949.8867163522204
STP,2010,3093.3452151814904
STP,2011,3179
STP,2012,3217
STP,2013,3314
STP,2014,3474
STP,2015,3545
STP,2016,3629.338157439893
STP,2017,3707.359780275195
STP,2018,3756.814005307032
STP,2019,3781.2275982850574
STP,2020,3826.375376957381
STP,2021,3821.0011049889026
STP,2022,3751.6428186651638
SUN,1960,6288
SUN,1961,6532
SUN,1962,6599
SUN,1963,6352
SUN,1964,7076
SUN,1965,7387
SUN,1966,7657
SUN,1967,7911
SUN,1968,8292
SUN,1969,8329
SUN,1970,8886
SUN,1971,9033
SUN,1972,8995
SUN,1973,9658
SUN,1974,9844
SUN,1975,9779
SUN,1976,10143
SUN,1977,10288
SUN,1978,10455
SUN,1979,10316
SUN,1980,10245
SUN,1981,10254
SUN,1982,10418
SUN,1983,10659
SUN,1984,10694
SUN,1985,10692
SUN,1986,11035
SUN,1987,11081
SUN,1988,11226
SUN,1989,11336
SUN,1990,10989
SUN,1991,10388.253152316058
SUN,1992,8977.548232605532
SUN,1993,8199.730361978818
SUN,1994,7166.393754026559
SUN,1995,6887.729814186356
SUN,1996,6786.941834625831
SUN,1997,7031.8301345656255
SUN,1998,6975.523697988598
SUN,1999,7419.675732420548
SUN,2000,8193.515775879474
SUN,2001,8850.158787739676
SUN,2002,9487.504522283187
SUN,2003,10390.942317860003
SUN,2004,11428.941184750842
SUN,2005,12426.28070519227
SUN,2006,13749.922270102574
SUN,2007,15215.92451495476
SUN,2008,16226.696923868894
SUN,2009,15416.604522798412
SUN,2010,16344.52314185233
SUN,2011,17391
SUN,2012,17984.63955764927
SUN,2013,18324.270427512714
SUN,2014,18281.468740971137
SUN,2015,17920.439790863307
SUN,2016,17987.48396571879
SUN,2017,18368.7157506612
SUN,2018,18906.76139034202
SUN,2019,19369.4286693932
SUN,2020,18851.242339041684
SUN,2021,19871.10178166326
SUN,2022,19354.708071185578
SVK,1960,NA
SVK,1961,NA
SVK,1962,NA
SVK,1963,NA
SVK,1964,NA
SVK,1965,NA
SVK,1966,NA
SVK,1967,NA
SVK,1968,NA
SVK,1969,NA
SVK,1970,NA
SVK,1971,NA
SVK,1972,NA
SVK,1973,NA
SVK,1974,NA
SVK,1975,NA
SVK,1976,NA
SVK,1977,NA
SVK,1978,NA
SVK,1979,NA
SVK,1980,NA
SVK,1981,NA
SVK,1982,NA
SVK,1983,NA
SVK,1984,NA
SVK,1985,11815
SVK,1986,12242
SVK,1987,12473
SVK,1988,12659
SVK,1989,12734
SVK,1990,12374
SVK,1991,10537.410328102422
SVK,1992,9838.614858401148
SVK,1993,10481.115283624136
SVK,1994,11063.948714243934
SVK,1995,11874.398003782333
SVK,1996,12622.909575022642
SVK,1997,13335.458993944932
SVK,1998,13822.187404715625
SVK,1999,13750.333090346365
SVK,2000,13904.985372649815
SVK,2001,14361.901212738569
SVK,2002,14984.731124978656
SVK,2003,15773.094799653822
SVK,2004,16570.8618948388
SVK,2005,17649.520382025807
SVK,2006,19099.42767736892
SVK,2007,21109.938847246776
SVK,2008,22231.988155805393
SVK,2009,20953.03666184011
SVK,2010,21941.21216159036
SVK,2011,22483
SVK,2012,22745.20359264121
SVK,2013,22860.525289030276
SVK,2014,23453.04070011222
SVK,2015,24647.71891500122
SVK,2016,25087.71398638774
SVK,2017,25788.75568340106
SVK,2018,26790.651474299288
SVK,2019,27429.225254812518
SVK,2020,26468.295104739835
SVK,2021,27365.6226058327
SVK,2022,27519.287937396715
SVN,1960,7165
SVN,1961,7760
SVN,1962,8027
SVN,1963,8871
SVN,1964,9624
SVN,1965,9589
SVN,1966,10029
SVN,1967,10264
SVN,1968,10822
SVN,1969,11775
SVN,1970,12803
SVN,1971,13657
SVN,1972,14269
SVN,1973,15079
SVN,1974,16420
SVN,1975,17205
SVN,1976,17462
SVN,1977,18595
SVN,1978,20014
SVN,1979,21367
SVN,1980,21151
SVN,1981,20929
SVN,1982,20535
SVN,1983,20451
SVN,1984,20650
SVN,1985,20663
SVN,1986,21122
SVN,1987,20851
SVN,1988,20083
SVN,1989,19837
SVN,1990,18093
SVN,1991,16401.959143209984
SVN,1992,15462.710161800309
SVN,1993,15872.120262629578
SVN,1994,16664.705793480003
SVN,1995,17816.801007646427
SVN,1996,18376.246201058384
SVN,1997,19258.945870208223
SVN,1998,19851.0571234378
SVN,1999,20793.918028220585
SVN,2000,21501.33672789827
SVN,2001,22006.953787735067
SVN,2002,22725.31198460027
SVN,2003,23257.421804062007
SVN,2004,24150.58403741057
SVN,2005,24966.938788671512
SVN,2006,26182.779667560655
SVN,2007,27832.763784800765
SVN,2008,28473.59572919677
SVN,2009,25905.512673566198
SVN,2010,26000.92065154155
SVN,2011,26004
SVN,2012,25269.23230597422
SVN,2013,24975.362422209386
SVN,2014,25638.66031616144
SVN,2015,26186.24869395546
SVN,2016,27004.71609980923
SVN,2017,28288.89031743463
SVN,2018,29461.344295007955
SVN,2019,30229.29866394322
SVN,2020,28733.302552143603
SVN,2021,31019.943002566433
SVN,2022,32673.760789455726
SWE,1960,13849
SWE,1961,14564
SWE,1962,15093
SWE,1963,15808
SWE,1964,16761
SWE,1965,17239
SWE,1966,17432
SWE,1967,17883
SWE,1968,18428
SWE,1969,19215
SWE,1970,20269
SWE,1971,20320
SWE,1972,20725
SWE,1973,21509
SWE,1974,22132
SWE,1975,22607
SWE,1976,22765
SWE,1977,22322
SWE,1978,22646
SWE,1979,23465
SWE,1980,23809
SWE,1981,23777
SWE,1982,24002
SWE,1983,24412
SWE,1984,25357
SWE,1985,25805
SWE,1986,26309
SWE,1987,27016
SWE,1988,27468
SWE,1989,27933
SWE,1990,28068
SWE,1991,27614.034633396557
SWE,1992,27198.52871669005
SWE,1993,26558.825037287952
SWE,1994,27505.955365905447
SWE,1995,28519.444061538572
SWE,1996,29012.104700260545
SWE,1997,29862.666688537218
SWE,1998,31187.16462765559
SWE,1999,32705.21494834704
SWE,2000,34202.60423690123
SWE,2001,34666.662647201985
SWE,2002,35569.77395565354
SWE,2003,36435.75404729284
SWE,2004,38016.063467838416
SWE,2005,39258.99201022208
SWE,2006,40992.29948287679
SWE,2007,42399.84444197382
SWE,2008,42189.96398768368
SWE,2009,40116.31067653794
SWE,2010,42634.75446263513
SWE,2011,42079
SWE,2012,41523.14327866962
SWE,2013,41661.80656239522
SWE,2014,42346.83738208002
SWE,2015,43782.457073897145
SWE,2016,44131.03197238085
SWE,2017,44658.48268067305
SWE,2018,45003.492394454086
SWE,2019,45434.40294807441
SWE,2020,44128.33196694781
SWE,2021,46226.54465711257
SWE,2022,47126.12706715542
SWZ,1960,783
SWZ,1961,861
SWZ,1962,1017
SWZ,1963,1047
SWZ,1964,1172
SWZ,1965,1320
SWZ,1966,1341
SWZ,1967,1431
SWZ,1968,1329
SWZ,1969,1350
SWZ,1970,1704
SWZ,1971,1722
SWZ,1972,1889
SWZ,1973,1902
SWZ,1974,2204
SWZ,1975,2856
SWZ,1976,3142
SWZ,1977,3083
SWZ,1978,3030
SWZ,1979,2990
SWZ,1980,2946
SWZ,1981,3049
SWZ,1982,3005
SWZ,1983,2888
SWZ,1984,2858
SWZ,1985,2812
SWZ,1986,3210
SWZ,1987,3403
SWZ,1988,3492
SWZ,1989,3668
SWZ,1990,3881
SWZ,1991,3851.2898253408503
SWZ,1992,3901.400080273145
SWZ,1993,3982.279378771353
SWZ,1994,4134.208101060545
SWZ,1995,4383.677498614182
SWZ,1996,4514.549089619057
SWZ,1997,4620.918494284041
SWZ,1998,4712.536264487054
SWZ,1999,4827.286285655636
SWZ,2000,4894.520737984168
SWZ,2001,4976.904948171795
SWZ,2002,5136.724846010962
SWZ,2003,5377.557617340607
SWZ,2004,5559.470083461372
SWZ,2005,5867.2334289240525
SWZ,2006,6187.7661584555235
SWZ,2007,6467.820388739696
SWZ,2008,6791.392164676074
SWZ,2009,7011.0953016053345
SWZ,2010,7192.751951767251
SWZ,2011,7389
SWZ,2012,7552
SWZ,2013,7805
SWZ,2014,7927
SWZ,2015,7969
SWZ,2016,7993.149505711394
SWZ,2017,8092.340340156796
SWZ,2018,8219.499420037926
SWZ,2019,8375.425303861011
SWZ,2020,8167.689638966547
SWZ,2021,8725.72467687463
SWZ,2022,8522.449728189442
SYC,1960,3257
SYC,1961,2995
SYC,1962,3174
SYC,1963,3384
SYC,1964,3424
SYC,1965,3351
SYC,1966,3351
SYC,1967,3277
SYC,1968,3470
SYC,1969,3379
SYC,1970,3537
SYC,1971,3987
SYC,1972,4149
SYC,1973,4468
SYC,1974,4457
SYC,1975,4506
SYC,1976,5149
SYC,1977,5491
SYC,1978,5906
SYC,1979,6709
SYC,1980,6424
SYC,1981,5928
SYC,1982,5786
SYC,1983,5638
SYC,1984,6030
SYC,1985,6585
SYC,1986,6601
SYC,1987,6827
SYC,1988,7114
SYC,1989,7755
SYC,1990,8239
SYC,1991,8570.673852880072
SYC,1992,9304.808067773713
SYC,1993,10009.914074817367
SYC,1994,10060.824837873233
SYC,1995,10135.095823001377
SYC,1996,10468.990582426552
SYC,1997,12233.049695354139
SYC,1998,13801.187252065483
SYC,1999,14235.786766214333
SYC,2000,14379.832038399501
SYC,2001,14221.162706473833
SYC,2002,14581.411389936886
SYC,2003,13835.993648382717
SYC,2004,13735.897555839423
SYC,2005,15172.563175786852
SYC,2006,16824.612539785216
SYC,2007,18832.825863713213
SYC,2008,18687.39099928381
SYC,2009,18743.996915386622
SYC,2010,20147.178153080706
SYC,2011,21545
SYC,2012,22130
SYC,2013,23036
SYC,2014,24250
SYC,2015,25690
SYC,2016,28588.602978612664
SYC,2017,30072.226064925148
SYC,2018,31524.876704013608
SYC,2019,32745.87089386999
SYC,2020,29647.482192686766
SYC,2021,30125.953814800247
SYC,2022,31055.390262848887
SYR,1960,4819
SYR,1961,5050
SYR,1962,6051
SYR,1963,5855
SYR,1964,5797
SYR,1965,5598
SYR,1966,5004
SYR,1967,5246
SYR,1968,5270
SYR,1969,6059
SYR,1970,5643
SYR,1971,5992
SYR,1972,7243
SYR,1973,6403
SYR,1974,7685
SYR,1975,8878
SYR,1976,9526
SYR,1977,9094
SYR,1978,9561
SYR,1979,9580
SYR,1980,10374
SYR,1981,10984
SYR,1982,10817
SYR,1983,10581
SYR,1984,9792
SYR,1985,10026
SYR,1986,9200
SYR,1987,9055
SYR,1988,9913
SYR,1989,8735
SYR,1990,9087
SYR,1991,9424.122590764522
SYR,1992,10002.275987573028
SYR,1993,10072.486536493594
SYR,1994,9969.374045091008
SYR,1995,9856.483113254271
SYR,1996,9517.3721795319
SYR,1997,8826.773523494465
SYR,1998,8742.973560668532
SYR,1999,7960.29181725339
SYR,2000,7668.071651789252
SYR,2001,7509.304243284499
SYR,2002,7529.701614881877
SYR,2003,6986.52380066229
SYR,2004,7051.428477593476
SYR,2005,7037.718229798778
SYR,2006,6901.777865404115
SYR,2007,6779.537095538939
SYR,2008,6600.378719901472
SYR,2009,6586.5183480418145
SYR,2010,6520.612277450118
SYR,2011,5979
SYR,2012,4443.685928778878
SYR,2013,3487.6809823836047
SYR,2014,3384.414400143878
SYR,2015,3464.037685420644
SYR,2016,3380.553443830945
SYR,2017,3422.1773432146706
SYR,2018,3418.6954249618716
SYR,2019,3385.419291877841
SYR,2020,2903.7398355317155
SYR,2021,2682.339823438483
SYR,2022,2494.7612946409154
TCD,1960,974
TCD,1961,971
TCD,1962,1004
TCD,1963,972
TCD,1964,929
TCD,1965,913
TCD,1966,878
TCD,1967,866
TCD,1968,843
TCD,1969,881
TCD,1970,880
TCD,1971,877
TCD,1972,800
TCD,1973,746
TCD,1974,829
TCD,1975,952
TCD,1976,918
TCD,1977,830
TCD,1978,808
TCD,1979,622
TCD,1980,583
TCD,1981,521
TCD,1982,524
TCD,1983,577
TCD,1984,601
TCD,1985,642
TCD,1986,662
TCD,1987,663
TCD,1988,692
TCD,1989,685
TCD,1990,692
TCD,1991,703.2837422701148
TCD,1992,698.739002074788
TCD,1993,680.8005404764043
TCD,1994,713.8270847717725
TCD,1995,700.7076235119544
TCD,1996,694.1050198248446
TCD,1997,719.1531161232232
TCD,1998,753.8607994162044
TCD,1999,733.781232654736
TCD,2000,716.0423633332267
TCD,2001,783.0551642261155
TCD,2002,831.8291855031645
TCD,2003,925.5126163056394
TCD,2004,1200.272558584737
TCD,2005,1266.105032898219
TCD,2006,1225.5163120917607
TCD,2007,1422.3407897432285
TCD,2008,1422.2312009935542
TCD,2009,1533.1794860451162
TCD,2010,1720.3343471054616
TCD,2011,1661
TCD,2012,1742.6540489050933
TCD,2013,1776.0920830641928
TCD,2014,1829.834659019249
TCD,2015,1802.3212001455686
TCD,2016,1648.0383635792052
TCD,2017,1555.7141640074565
TCD,2018,1541.4716178237675
TCD,2019,1543.8028787517364
TCD,2020,1463.5312650403762
TCD,2021,1402.673171106424
TCD,2022,1393.5634155801695
TGO,1960,1058
TGO,1961,1103
TGO,1962,1117
TGO,1963,1143
TGO,1964,1275
TGO,1965,1412
TGO,1966,1503
TGO,1967,1546
TGO,1968,1581
TGO,1969,1707
TGO,1970,1631
TGO,1971,1699
TGO,1972,1709
TGO,1973,1591
TGO,1974,1612
TGO,1975,1556
TGO,1976,1505
TGO,1977,1543
TGO,1978,1650
TGO,1979,1698
TGO,1980,1572
TGO,1981,1423
TGO,1982,1323
TGO,1983,1211
TGO,1984,1239
TGO,1985,1240
TGO,1986,1237
TGO,1987,1165
TGO,1988,1239
TGO,1989,1246
TGO,1990,1275
TGO,1991,1249.1679432148728
TGO,1992,1181.8712650639795
TGO,1993,1003.1648748730222
TGO,1994,1145.7775800738827
TGO,1995,1170.5977170559586
TGO,1996,1215.7399788539417
TGO,1997,1226.3270498998156
TGO,1998,1174.8527369830267
TGO,1999,1183.012966099163
TGO,2000,1150.3659107050587
TGO,2001,1115.5502532020962
TGO,2002,1081.7445152462897
TGO,2003,1114.4638191719616
TGO,2004,1121.8058488923546
TGO,2005,1119.8042690911689
TGO,2006,1144.8814458855
TGO,2007,1145.9206450361482
TGO,2008,1150.3578529388246
TGO,2009,1165.888833713181
TGO,2010,1191.1449266095365
TGO,2011,1227
TGO,2012,1263
TGO,2013,1292
TGO,2014,1334
TGO,2015,1370
TGO,2016,1412.9878115717115
TGO,2017,1433.7917117585703
TGO,2018,1466.3409759141143
TGO,2019,1501.8667566255237
TGO,2020,1482.751495313325
TGO,2021,1534.8236471011076
TGO,2022,1586.588847532188
THA,1960,1718
THA,1961,1753
THA,1962,1831
THA,1963,1921
THA,1964,1991
THA,1965,2085
THA,1966,2251
THA,1967,2369
THA,1968,2488
THA,1969,2608
THA,1970,2700
THA,1971,2750
THA,1972,2786
THA,1973,2987
THA,1974,3045
THA,1975,3123
THA,1976,3333
THA,1977,3585
THA,1978,3861
THA,1979,3979
THA,1980,4071
THA,1981,4230
THA,1982,4375
THA,1983,4538
THA,1984,4720
THA,1985,4862
THA,1986,5053
THA,1987,5453
THA,1988,6089
THA,1989,6735
THA,1990,7385
THA,1991,7849.744818023884
THA,1992,8409.020942208199
THA,1993,8964.292159989453
THA,1994,9499.517524523739
THA,1995,10080.208263176271
THA,1996,10458.358609825857
THA,1997,9995.618219647873
THA,1998,9077.747796774502
THA,1999,9347.060930016596
THA,2000,9627.104317815561
THA,2001,9818.720536224924
THA,2002,10276.398308003036
THA,2003,10868.83553836039
THA,2004,11408.325704884286
THA,2005,11742.12809366095
THA,2006,12180.711358990808
THA,2007,12694.714634780315
THA,2008,12768.129076928359
THA,2009,12543.398612886303
THA,2010,13343.546749821046
THA,2011,13318
THA,2012,14202.250655561855
THA,2013,14504.183137305956
THA,2014,14571.971044652584
THA,2015,14960.908433814262
THA,2016,15411.533795933696
THA,2017,15994.506156893045
THA,2018,16610.05051186261
THA,2019,16905.292327574447
THA,2020,15815.91485952924
THA,2021,16019.518754916815
THA,2022,16421.072993706417
TJK,1960,NA
TJK,1961,NA
TJK,1962,NA
TJK,1963,NA
TJK,1964,NA
TJK,1965,NA
TJK,1966,NA
TJK,1967,NA
TJK,1968,NA
TJK,1969,NA
TJK,1970,NA
TJK,1971,NA
TJK,1972,NA
TJK,1973,6527
TJK,1974,NA
TJK,1975,NA
TJK,1976,NA
TJK,1977,NA
TJK,1978,NA
TJK,1979,NA
TJK,1980,5746
TJK,1981,5622
TJK,1982,5498
TJK,1983,5547
TJK,1984,5469
TJK,1985,5364
TJK,1986,5319
TJK,1987,5040
TJK,1988,5515
TJK,1989,4962
TJK,1990,4803
TJK,1991,4270.370121797311
TJK,1992,2832.7034244352703
TJK,1993,2482.4135922416535
TJK,1994,1928.3185195337014
TJK,1995,1666.1839582117348
TJK,1996,1559.5211892136726
TJK,1997,1552.6323601705283
TJK,1998,1589.3315551169549
TJK,1999,1621.3205712535982
TJK,2000,1723.3563296469088
TJK,2001,1845.4782189409686
TJK,2002,1982.8836657443285
TJK,2003,2135.908281460682
TJK,2004,2301.292086233067
TJK,2005,2416.8670437122746
TJK,2006,2524.844737494775
TJK,2007,2647.2093871561588
TJK,2008,2801.7761791636535
TJK,2009,2853.8884804558684
TJK,2010,2975.9268086472184
TJK,2011,3111
TJK,2012,3283.909282444051
TJK,2013,3464.2069410303793
TJK,2014,3631.879416508331
TJK,2015,3784.3436078881805
TJK,2016,3978.5557699345873
TJK,2017,4192.401721367111
TJK,2018,4440.156773402692
TJK,2019,4695.542787924347
TJK,2020,4828.393755925144
TJK,2021,5205.6058456668625
TJK,2022,5507.545199832879
TKM,1960,NA
TKM,1961,NA
TKM,1962,NA
TKM,1963,NA
TKM,1964,NA
TKM,1965,NA
TKM,1966,NA
TKM,1967,NA
TKM,1968,NA
TKM,1969,NA
TKM,1970,NA
TKM,1971,NA
TKM,1972,NA
TKM,1973,7693
TKM,1974,NA
TKM,1975,NA
TKM,1976,NA
TKM,1977,NA
TKM,1978,NA
TKM,1979,NA
TKM,1980,6763
TKM,1981,6666
TKM,1982,6575
TKM,1983,6535
TKM,1984,6314
TKM,1985,6186
TKM,1986,6204
TKM,1987,6194
TKM,1988,6601
TKM,1989,5915
TKM,1990,5796
TKM,1991,5457.756925735311
TKM,1992,4587.7636554110795
TKM,1993,4604.384153414509
TKM,1994,3769.6247692454826
TKM,1995,3473.6801892782573
TKM,1996,3226.984836386654
TKM,1997,2856.148606855591
TKM,1998,3037.7043313486065
TKM,1999,3527.160460400249
TKM,2000,4173.194599534994
TKM,2001,5014.062451005454
TKM,2002,5795.640968645097
TKM,2003,6784.561001353469
TKM,2004,7781.743824791977
TKM,2005,8791.675845750144
TKM,2006,9752.355478498552
TKM,2007,10829.375780106502
TKM,2008,12426.718788803995
TKM,2009,13188.447854955197
TKM,2010,14397.149096972053
TKM,2011,16518
TKM,2012,17333.727821581546
TKM,2013,17080.462210519865
TKM,2014,17536.7655064105
TKM,2015,17857.25990917966
TKM,2016,17484.64550869838
TKM,2017,18104.43293598298
TKM,2018,18064.108333963595
TKM,2019,17264.170917430805
TKM,2020,16580.840638801958
TKM,2021,17169.060084375782
TKM,2022,17234.555571228917
TTO,1960,9964
TTO,1961,10155
TTO,1962,10383
TTO,1963,10708
TTO,1964,10841
TTO,1965,11206
TTO,1966,11531
TTO,1967,11679
TTO,1968,12248
TTO,1969,12588
TTO,1970,13141
TTO,1971,13185
TTO,1972,13753
TTO,1973,13844
TTO,1974,14430
TTO,1975,14534
TTO,1976,15696
TTO,1977,16412
TTO,1978,18042
TTO,1979,18568
TTO,1980,19734
TTO,1981,20298
TTO,1982,18771
TTO,1983,16982
TTO,1984,17680
TTO,1985,16671
TTO,1986,15871
TTO,1987,14929
TTO,1988,14198
TTO,1989,13970
TTO,1990,14112
TTO,1991,14060.736347912241
TTO,1992,14195.95178689203
TTO,1993,13745.797123119139
TTO,1994,13350.896159820613
TTO,1995,14187.65892557864
TTO,1996,15004.264326534918
TTO,1997,15931.67154762603
TTO,1998,17013.754767816095
TTO,1999,18159.91590151832
TTO,2000,19179.91872757504
TTO,2001,19736.67946804856
TTO,2002,21052.44914125854
TTO,2003,23814.066673498488
TTO,2004,25403.269121355348
TTO,2005,26651.833009766848
TTO,2006,29792.422976435286
TTO,2007,30806.173810743134
TTO,2008,31434.303901414678
TTO,2009,29657.463062082374
TTO,2010,30235.994690181862
TTO,2011,29745
TTO,2012,30944.22175941009
TTO,2013,31976.95357984833
TTO,2014,32878.20246743371
TTO,2015,32480.590636657547
TTO,2016,30158.125918600163
TTO,2017,28618.1764787155
TTO,2018,27863.434077002672
TTO,2019,27582.567855183723
TTO,2020,25548.510398614617
TTO,2021,25237.664168378193
TTO,2022,25773.004998991753
TUN,1960,2141
TUN,1961,2289
TUN,1962,2198
TUN,1963,2480
TUN,1964,2533
TUN,1965,2635
TUN,1966,2636
TUN,1967,2558
TUN,1968,2766
TUN,1969,2805
TUN,1970,2912
TUN,1971,3159
TUN,1972,3645
TUN,1973,3540
TUN,1974,3735
TUN,1975,3899
TUN,1976,4095
TUN,1977,4132
TUN,1978,4304
TUN,1979,4481
TUN,1980,4693
TUN,1981,4830
TUN,1982,4713
TUN,1983,4844
TUN,1984,4890
TUN,1985,5039
TUN,1986,4841
TUN,1987,5043
TUN,1988,4940
TUN,1989,5023
TUN,1990,5316
TUN,1991,5446.2281757249175
TUN,1992,5789.955052922007
TUN,1993,5843.0684103715685
TUN,1994,5968.844790171844
TUN,1995,6048.7474991021545
TUN,1996,6388.393984452914
TUN,1997,6680.103410227016
TUN,1998,6944.660890067283
TUN,1999,7297.474604205236
TUN,2000,7548.437842258139
TUN,2001,7848.094466525322
TUN,2002,7916.679496117091
TUN,2003,8281.715263149277
TUN,2004,8705.08413958555
TUN,2005,8983.384172259366
TUN,2006,9420.023150983332
TUN,2007,9932.938167715387
TUN,2008,10294.921446404007
TUN,2009,10533.217825231255
TUN,2010,10721.811344221569
TUN,2011,10437
TUN,2012,10750.849821816155
TUN,2013,10881.510450057782
TUN,2014,11084.781395957822
TUN,2015,11063.08092636137
TUN,2016,11064.023715502895
TUN,2017,11194.36482191282
TUN,2018,11376.28966218976
TUN,2019,11451.89757469591
TUN,2020,10354.23909638127
TUN,2021,10726.256220168169
TUN,2022,10913.845489085925
TUR,1960,3041
TUR,1961,3022
TUR,1962,3142
TUR,1963,3374
TUR,1964,3453
TUR,1965,3481
TUR,1966,3824
TUR,1967,3929
TUR,1968,4122
TUR,1969,4267
TUR,1970,4398
TUR,1971,4715
TUR,1972,4929
TUR,1973,5050
TUR,1974,5353
TUR,1975,5719
TUR,1976,6110
TUR,1977,6271
TUR,1978,6350
TUR,1979,6204
TUR,1980,6070
TUR,1981,6201
TUR,1982,6381
TUR,1983,6489
TUR,1984,6736
TUR,1985,6958
TUR,1986,7323
TUR,1987,7838
TUR,1988,8019
TUR,1989,7992
TUR,1990,8606
TUR,1991,8658.37842796921
TUR,1992,9150.434559004287
TUR,1993,9865.300684435108
TUR,1994,9308.695420908027
TUR,1995,9962.536572317964
TUR,1996,10644.633979720156
TUR,1997,11432.436812926795
TUR,1998,11772.830051334433
TUR,1999,11151.67362088466
TUR,2000,11904.008181075744
TUR,2001,10950.992093676403
TUR,2002,11753.953608919272
TUR,2003,12380.206831943839
TUR,2004,13423.794626208915
TUR,2005,14487.758287957331
TUR,2006,15425.188711193154
TUR,2007,16090.834837989993
TUR,2008,16182.732804414645
TUR,2009,15188.420447724917
TUR,2010,16528.119272825865
TUR,2011,17919
TUR,2012,18539.221973778134
TUR,2013,19855.717636344623
TUR,2014,20557.401315525167
TUR,2015,21519.33050572648
TUR,2016,21937.16129674135
TUR,2017,23278.99665955572
TUR,2018,23650.489423952156
TUR,2019,23497.50335772699
TUR,2020,23721.88049784061
TUR,2021,26175.930475549758
TUR,2022,27361.987659454844
TWN,1960,2157
TWN,1961,2228
TWN,1962,2326
TWN,1963,2463
TWN,1964,2676
TWN,1965,2885
TWN,1966,3054
TWN,1967,3300
TWN,1968,3484
TWN,1969,3720
TWN,1970,4044
TWN,1971,4470
TWN,1972,4962
TWN,1973,5496
TWN,1974,5455
TWN,1975,5614
TWN,1976,6245
TWN,1977,6752
TWN,1978,7519
TWN,1979,7967
TWN,1980,8384
TWN,1981,8749
TWN,1982,8910
TWN,1983,9530
TWN,1984,10394
TWN,1985,10779
TWN,1986,11918
TWN,1987,13705
TWN,1988,14183
TWN,1989,15203
TWN,1990,15841
TWN,1991,16934.814283087933
TWN,1992,18101.331840190014
TWN,1993,19087.597762325888
TWN,1994,20269.266376011605
TWN,1995,21329.685994277752
TWN,1996,22390.051907828198
TWN,1997,23437.76776205303
TWN,1998,24131.219974200325
TWN,1999,25471.781236569175
TWN,2000,26787.445672435602
TWN,2001,26203.97590806403
TWN,2002,27425.805914397857
TWN,2003,28348.852507805215
TWN,2004,29975.137825133574
TWN,2005,31374.454421611863
TWN,2006,32867.3671239113
TWN,2007,34761.31136565504
TWN,2008,34762.367306191816
TWN,2009,33974.45410882216
TWN,2010,37385.489357948376
TWN,2011,38565
TWN,2012,39291.18391861582
TWN,2013,40140.730537687625
TWN,2014,41930.839322568136
TWN,2015,42438.46020390246
TWN,2016,43262.193509298006
TWN,2017,44618.28984445577
TWN,2018,45817.93617356744
TWN,2019,47200.25286946424
TWN,2020,48779.43868650653
TWN,2021,51943.88228863887
TWN,2022,53142.98296097826
TZA,1960,732
TZA,1961,703
TZA,1962,746
TZA,1963,770
TZA,1964,787
TZA,1965,792
TZA,1966,867
TZA,1967,875
TZA,1968,894
TZA,1969,883
TZA,1970,905
TZA,1971,915
TZA,1972,945
TZA,1973,945
TZA,1974,937
TZA,1975,956
TZA,1976,996
TZA,1977,993
TZA,1978,993
TZA,1979,977
TZA,1980,958
TZA,1981,920
TZA,1982,905
TZA,1983,875
TZA,1984,870
TZA,1985,843
TZA,1986,845
TZA,1987,859
TZA,1988,867
TZA,1989,870
TZA,1990,875
TZA,1991,891.8942647965827
TZA,1992,895.4805987006042
TZA,1993,900.4133422705056
TZA,1994,904.7574646513776
TZA,1995,931.0027659210887
TZA,1996,979.7304350786227
TZA,1997,1017.1681184679211
TZA,1998,1052.0750167956455
TZA,1999,1100.3532068585187
TZA,2000,1148.680170099534
TZA,2001,1213.6268753140635
TZA,2002,1293.2050658668406
TZA,2003,1369.9390816150094
TZA,2004,1464.385366938692
TZA,2005,1554.1523158958562
TZA,2006,1621.9965444967752
TZA,2007,1754.4626485249967
TZA,2008,1848.1745273751221
TZA,2009,1946.8481316239383
TZA,2010,2068.8636615835253
TZA,2011,2227
TZA,2012,2271.4642969378106
TZA,2013,2353.3415737859964
TZA,2014,2436.4563666772146
TZA,2015,2505.972428743895
TZA,2016,2592.6619462159956
TZA,2017,2683.053556079512
TZA,2018,2785.1823176640764
TZA,2019,2894.647273525394
TZA,2020,2948.4724897505207
TZA,2021,3008.1130797544965
TZA,2022,3057.3287251849197
UGA,1960,1137
UGA,1961,1093
UGA,1962,1106
UGA,1963,1197
UGA,1964,1251
UGA,1965,1242
UGA,1966,1280
UGA,1967,1310
UGA,1968,1304
UGA,1969,1404
UGA,1970,1382
UGA,1971,1385
UGA,1972,1364
UGA,1973,1331
UGA,1974,1302
UGA,1975,1243
UGA,1976,1219
UGA,1977,1207
UGA,1978,1111
UGA,1979,966
UGA,1980,912
UGA,1981,923
UGA,1982,972
UGA,1983,1014
UGA,1984,897
UGA,1985,886
UGA,1986,858
UGA,1987,877
UGA,1988,902
UGA,1989,929
UGA,1990,932
UGA,1991,915.4053283443002
UGA,1992,934.8262611058482
UGA,1993,959.1881430158104
UGA,1994,994.5333917618376
UGA,1995,1054.7139296053563
UGA,1996,1091.5275264003274
UGA,1997,1107.5009409743204
UGA,1998,1137.638151241129
UGA,1999,1185.4312690393156
UGA,2000,1191.9538798461263
UGA,2001,1255.8844342134325
UGA,2002,1301.0588278641792
UGA,2003,1335.0304967807901
UGA,2004,1364.6851931103718
UGA,2005,1451.097326273943
UGA,2006,1501.385499557381
UGA,2007,1569.829840705876
UGA,2008,1679.3994778834553
UGA,2009,1757.38624301723
UGA,2010,1831.2907004674328
UGA,2011,1890
UGA,2012,1878.895928781196
UGA,2013,1895.464405554264
UGA,2014,1941.190439361355
UGA,2015,2026.8051534141848
UGA,2016,1953.0965216649522
UGA,2017,1998.5994438647892
UGA,2018,2036.3312449662733
UGA,2019,2128.9085948515294
UGA,2020,2032.2618824050694
UGA,2021,2083.828189664253
UGA,2022,2122.027929667799
UKR,1960,NA
UKR,1961,NA
UKR,1962,NA
UKR,1963,NA
UKR,1964,NA
UKR,1965,NA
UKR,1966,NA
UKR,1967,NA
UKR,1968,NA
UKR,1969,NA
UKR,1970,NA
UKR,1971,NA
UKR,1972,NA
UKR,1973,7849
UKR,1974,NA
UKR,1975,NA
UKR,1976,NA
UKR,1977,NA
UKR,1978,NA
UKR,1979,NA
UKR,1980,8467
UKR,1981,8695
UKR,1982,8934
UKR,1983,9288
UKR,1984,9476
UKR,1985,9387
UKR,1986,9408
UKR,1987,9648
UKR,1988,9704
UKR,1989,10082
UKR,1990,9607
UKR,1991,8899.096690561873
UKR,1992,8130.276785856602
UKR,1993,7090.257341436511
UKR,1994,5585.413321986644
UKR,1995,5024.181735240126
UKR,1996,4636.626309204157
UKR,1997,4612.40421983972
UKR,1998,4640.199197785761
UKR,1999,4751.316240598978
UKR,2000,5165.808153729847
UKR,2001,5793.659759650365
UKR,2002,6262.982424808585
UKR,2003,7029.570523797112
UKR,2004,8049.395377032447
UKR,2005,8496.676338957132
UKR,2006,9355.987925458065
UKR,2007,10355.818446673604
UKR,2008,10824.076461069992
UKR,2009,9381.224975441304
UKR,2010,9601.208608595822
UKR,2011,10333
UKR,2012,10381.638185351349
UKR,2013,10405.389314437634
UKR,2014,9817.459393841984
UKR,2015,8959.173499131002
UKR,2016,9221.608186466143
UKR,2017,9477.510214007096
UKR,2018,9827.171393881204
UKR,2019,10139.761229933642
UKR,2020,9769.827945690835
UKR,2021,10133.884720213782
UKR,2022,7749.099445225775
URY,1960,7643
URY,1961,7740
URY,1962,7498
URY,1963,7450
URY,1964,7498
URY,1965,7498
URY,1966,7693
URY,1967,7305
URY,1968,7353
URY,1969,7740
URY,1970,8030
URY,1971,7933
URY,1972,7643
URY,1973,7885
URY,1974,8176
URY,1975,8563
URY,1976,8853
URY,1977,8950
URY,1978,9483
URY,1979,9966
URY,1980,10546
URY,1981,10643
URY,1982,9578
URY,1983,8950
URY,1984,8805
URY,1985,8901
URY,1986,9628
URY,1987,10305
URY,1988,10256
URY,1989,10305
URY,1990,10305
URY,1991,10586.408414766769
URY,1992,11349.542004280955
URY,1993,11581.704684274522
URY,1994,12344.150140296246
URY,1995,12092.638852246673
URY,1996,12660.162655503667
URY,1997,13226.477797695921
URY,1998,13744.321148516316
URY,1999,13348.756281367088
URY,2000,13050.063903587301
URY,2001,12463.91903980911
URY,2002,11399.580724707437
URY,2003,11438.68613850908
URY,2004,11955.309438553342
URY,2005,12757.498640066231
URY,2006,13223.780764577108
URY,2007,13976.392578731906
URY,2008,14869.926666309419
URY,2009,15143.996123101964
URY,2010,16415.62883173476
URY,2011,17211
URY,2012,17776.02749140041
URY,2013,18553.332642626025
URY,2014,19104.3132118841
URY,2015,19123.602932734615
URY,2016,19393.98190078564
URY,2017,19656.62655542169
URY,2018,19697.759966076323
URY,2019,19714.14894879611
URY,2020,18460.03834921669
URY,2021,19222.295834867902
URY,2022,20181.93966293775
USA,1960,18057
USA,1961,18175
USA,1962,18976
USA,1963,19514
USA,1964,20360
USA,1965,21390
USA,1966,22529
USA,1967,22842
USA,1968,23691
USA,1969,24195
USA,1970,23958
USA,1971,24394
USA,1972,25414
USA,1973,26602
USA,1974,26286
USA,1975,25956
USA,1976,27058
USA,1977,28001
USA,1978,29286
USA,1979,29949
USA,1980,29611
USA,1981,30056
USA,1982,29210
USA,1983,30158
USA,1984,32076
USA,1985,33023
USA,1986,33850
USA,1987,34730
USA,1988,35863
USA,1989,36756
USA,1990,36982
USA,1991,36463.95763729273
USA,1992,37240.2990340352
USA,1993,37761.53516734228
USA,1994,38807.279971992684
USA,1995,39390.6254014683
USA,1996,40412.75103133644
USA,1997,41722.6703296506
USA,1998,43072.758021095564
USA,1999,44575.84862702155
USA,2000,45886.47049828895
USA,2001,45878.009153955805
USA,2002,46266.29589143221
USA,2003,47157.99527113943
USA,2004,48492.71712261176
USA,2005,49654.76142510663
USA,2006,50489.860021832916
USA,2007,50901.74470450649
USA,2008,50275.746337143275
USA,2009,48452.93350407469
USA,2010,49266.91586220606
USA,2011,49675
USA,2012,50436.4354973145
USA,2013,51010.79810347045
USA,2014,51796.61921780836
USA,2015,52808.154135428966
USA,2016,53301.01506695151
USA,2017,54152.364518908056
USA,2018,55454.669437941724
USA,2019,56469.26365925514
USA,2020,54379.20651245575
USA,2021,57522.70462551701
USA,2022,58487.46586089506
UZB,1960,NA
UZB,1961,NA
UZB,1962,NA
UZB,1963,NA
UZB,1964,NA
UZB,1965,NA
UZB,1966,NA
UZB,1967,NA
UZB,1968,NA
UZB,1969,NA
UZB,1970,NA
UZB,1971,NA
UZB,1972,NA
UZB,1973,8125
UZB,1974,NA
UZB,1975,NA
UZB,1976,NA
UZB,1977,NA
UZB,1978,NA
UZB,1979,NA
UZB,1980,7453
UZB,1981,7527
UZB,1982,7594
UZB,1983,7672
UZB,1984,7189
UZB,1985,7181
UZB,1986,6904
UZB,1987,6680
UZB,1988,7101
UZB,1989,7093
UZB,1990,6790
UZB,1991,6485.527824276889
UZB,1992,5530.478591343006
UZB,1993,5193.464140177949
UZB,1994,4744.457857055245
UZB,1995,4535.263246411296
UZB,1996,4452.881873653169
UZB,1997,4529.334428545817
UZB,1998,4575.986800198938
UZB,1999,4630.651445684996
UZB,2000,4667.25991024069
UZB,2001,4725.252501412581
UZB,2002,4777.288582671538
UZB,2003,4844.729951296877
UZB,2004,5068.208628019459
UZB,2005,5284.004909239419
UZB,2006,5535.12177857377
UZB,2007,5907.998911216545
UZB,2008,6278.273243067424
UZB,2009,6618.097601072618
UZB,2010,7002.859552872846
UZB,2011,7396
UZB,2012,7847.0745809285745
UZB,2013,8340.98818310055
UZB,2014,8831.601152916568
UZB,2015,9381.346864214403
UZB,2016,9845.352192260572
UZB,2017,10182.692816012164
UZB,2018,10682.417894057488
UZB,2019,11219.242899547167
UZB,2020,11341.919401727713
UZB,2021,12076.09157686011
UZB,2022,12559.401549577795
VEN,1960,12116
VEN,1961,12231
VEN,1962,12848
VEN,1963,13232
VEN,1964,14019
VEN,1965,14347
VEN,1966,14174
VEN,1967,14250
VEN,1968,14520
VEN,1969,14655
VEN,1970,15289
VEN,1971,15192
VEN,1972,15135
VEN,1973,15540
VEN,1974,15943
VEN,1975,16385
VEN,1976,17174
VEN,1977,17693
VEN,1978,17481
VEN,1979,17135
VEN,1980,16270
VEN,1981,15750
VEN,1982,15423
VEN,1983,14155
VEN,1984,13597
VEN,1985,13270
VEN,1986,13751
VEN,1987,13866
VEN,1988,14308
VEN,1989,12750
VEN,1990,13251
VEN,1991,14274.525487149784
VEN,1992,14901.61635472764
VEN,1993,14693.902038226379
VEN,1994,14129.277975631472
VEN,1995,14448.282191870985
VEN,1996,14211.809414036632
VEN,1997,14894.336745593098
VEN,1998,14739.05065821806
VEN,1999,13669.484604293504
VEN,2000,13992.608807948873
VEN,2001,14298.036957580945
VEN,2002,12856.04918742854
VEN,2003,11728.183005623303
VEN,2004,13713.045236368866
VEN,2005,14944.339489328482
VEN,2006,16253.68575385359
VEN,2007,17386.085276439902
VEN,2008,18019.090180914034
VEN,2009,17242.944826690808
VEN,2010,17105.579327823347
VEN,2011,17746
VEN,2012,18486.458202705155
VEN,2013,18484.233988743432
VEN,2014,17579.223347306317
VEN,2015,16333.082942876687
VEN,2016,13428.788576486702
VEN,2017,11363.969178268517
VEN,2018,9446.187714934318
VEN,2019,7061.761533347558
VEN,2020,4952.529594631958
VEN,2021,4896.801878805474
VEN,2022,5267.1753046442545
VNM,1960,1274
VNM,1961,1294
VNM,1962,1411
VNM,1963,1406
VNM,1964,1427
VNM,1965,1398
VNM,1966,1369
VNM,1967,1165
VNM,1968,1114
VNM,1969,1178
VNM,1970,1172
VNM,1971,1202
VNM,1972,1278
VNM,1973,1333
VNM,1974,1248
VNM,1975,1132
VNM,1976,1290
VNM,1977,1304
VNM,1978,1285
VNM,1979,1267
VNM,1980,1207
VNM,1981,1223
VNM,1982,1293
VNM,1983,1333
VNM,1984,1420
VNM,1985,1471
VNM,1986,1481
VNM,1987,1500
VNM,1988,1556
VNM,1989,1588
VNM,1990,1634
VNM,1991,1688.1598950401428
VNM,1992,1792.6707736381497
VNM,1993,1894.858620295663
VNM,1994,2018.3507030157436
VNM,1995,2167.0420489578314
VNM,1996,2323.046383537817
VNM,1997,2466.873549524783
VNM,1998,2564.2844556497544
VNM,1999,2641.3484975663996
VNM,2000,2773.1016351079197
VNM,2001,2915.6861402415084
VNM,2002,3070.6934784828986
VNM,2003,3242.2854696510985
VNM,2004,3437.6644223214967
VNM,2005,3637.6563793050823
VNM,2006,3828.907673426166
VNM,2007,4037.232859156257
VNM,2008,4200.235230939429
VNM,2009,4360.06172503739
VNM,2010,4571.848584052684
VNM,2011,4786
VNM,2012,4987.96428728723
VNM,2013,5199.7790307947325
VNM,2014,5465.483582513126
VNM,2015,5776.464968279421
VNM,2016,6089.623180302986
VNM,2017,6437.738850417648
VNM,2018,6842.138813327312
VNM,2019,7266.048396238919
VNM,2020,7395.361526596984
VNM,2021,7507.758707370352
VNM,2022,8050.358830663885
YEM,1960,1537
YEM,1961,1545
YEM,1962,1554
YEM,1963,1568
YEM,1964,1576
YEM,1965,1588
YEM,1966,1605
YEM,1967,1624
YEM,1968,1639
YEM,1969,1658
YEM,1970,1961
YEM,1971,2254
YEM,1972,2383
YEM,1973,2614
YEM,1974,2703
YEM,1975,2844
YEM,1976,3193
YEM,1977,3446
YEM,1978,3636
YEM,1979,3733
YEM,1980,3650
YEM,1981,3767
YEM,1982,3724
YEM,1983,3827
YEM,1984,3861
YEM,1985,3717
YEM,1986,3684
YEM,1987,3712
YEM,1988,3747
YEM,1989,3751
YEM,1990,3622
YEM,1991,3661.923642566381
YEM,1992,3759.718276332795
YEM,1993,3712.341069606074
YEM,1994,3775.0694790013713
YEM,1995,3823.318906002896
YEM,1996,3855.572028098804
YEM,1997,3927.6803453077564
YEM,1998,4044.148416518585
YEM,1999,4080.218421657483
YEM,2000,4212.105455723758
YEM,2001,4249.033862041028
YEM,2002,4292.098860408951
YEM,2003,4326.510489125589
YEM,2004,4371.395583773154
YEM,2005,4485.582795708078
YEM,2006,4497.259330502254
YEM,2007,4516.143645657066
YEM,2008,4549.008987048359
YEM,2009,4593.542710018725
YEM,2010,4812.34539486658
YEM,2011,4088
YEM,2012,4064.3423064292706
YEM,2013,4139.823175424532
YEM,2014,4019.3998587474753
YEM,2015,2820.617221187428
YEM,2016,2495.499372940501
YEM,2017,2314.9672815952063
YEM,2018,2281.5448647415274
YEM,2019,2265.3430203935445
YEM,2020,2031.4436130163915
YEM,2021,1972.2102539237114
YEM,2022,1959.3194980156538
YUG,1960,3778
YUG,1961,3950
YUG,1962,4041
YUG,1963,4481
YUG,1964,4941
YUG,1965,4981
YUG,1966,5311
YUG,1967,5378
YUG,1968,5523
YUG,1969,6001
YUG,1970,6288
YUG,1971,6730
YUG,1972,6948
YUG,1973,7226
YUG,1974,7767
YUG,1975,7976
YUG,1976,8207
YUG,1977,8780
YUG,1978,9283
YUG,1979,9873
YUG,1980,10037
YUG,1981,10106
YUG,1982,10080
YUG,1983,9907
YUG,1984,10029
YUG,1985,10009
YUG,1986,10299
YUG,1987,10119
YUG,1988,9884
YUG,1989,9887
YUG,1990,9000
YUG,1991,7867.9598388173745
YUG,1992,6506.901941521455
YUG,1993,5552.536993505627
YUG,1994,5851.690742181291
YUG,1995,6285.908546823549
YUG,1996,6938.206765048188
YUG,1997,7697.678649667557
YUG,1998,8152.8538890536865
YUG,1999,8035.61179862598
YUG,2000,8472.589152917037
YUG,2001,8827.675459763366
YUG,2002,9266.389589670265
YUG,2003,9686.030682864664
YUG,2004,10317.228942692149
YUG,2005,10881.867263282466
YUG,2006,11598.979315458299
YUG,2007,12461.669708266078
YUG,2008,13125.143353293388
YUG,2009,14028.419546965251
YUG,2010,14250.789453253348
YUG,2011,14540
YUG,2012,14331
YUG,2013,14500
YUG,2014,14627
YUG,2015,14971
YUG,2016,15537.365721397526
YUG,2017,16128.635112929165
YUG,2018,16824.553738923572
YUG,2019,17524.21218322897
YUG,2020,16757.93855234225
YUG,2021,18491.68177352843
YUG,2022,19352.383894078004
ZAF,1960,4847
ZAF,1961,4929
ZAF,1962,5067
ZAF,1963,5294
ZAF,1964,5499
ZAF,1965,5673
ZAF,1966,5762
ZAF,1967,5993
ZAF,1968,6087
ZAF,1969,6290
ZAF,1970,6448
ZAF,1971,6591
ZAF,1972,6550
ZAF,1973,6655
ZAF,1974,6853
ZAF,1975,6808
ZAF,1976,6802
ZAF,1977,6623
ZAF,1978,6653
ZAF,1979,6746
ZAF,1980,6998
ZAF,1981,7141
ZAF,1982,6891
ZAF,1983,6554
ZAF,1984,6672
ZAF,1985,6385
ZAF,1986,6236
ZAF,1987,6212
ZAF,1988,6319
ZAF,1989,6306
ZAF,1990,6111
ZAF,1991,6034.900557114825
ZAF,1992,5901.98447170031
ZAF,1993,5965.911487412407
ZAF,1994,6172.973613474759
ZAF,1995,6406.428128841841
ZAF,1996,6725.790935832589
ZAF,1997,6950.471643426508
ZAF,1998,7024.295510532468
ZAF,1999,7234.285803996856
ZAF,2000,7582.778143416393
ZAF,2001,7839.62528898219
ZAF,2002,8171.206707295855
ZAF,2003,8451.452498574428
ZAF,2004,8877.92099152592
ZAF,2005,9393.69335105247
ZAF,2006,9978.470967190984
ZAF,2007,10576.291271810242
ZAF,2008,10977.146797314368
ZAF,2009,10873.04634767249
ZAF,2010,11318.60454926229
ZAF,2011,11838
ZAF,2012,11938.225360272434
ZAF,2013,12048.068706129014
ZAF,2014,12034.149275332169
ZAF,2015,12009.910456869906
ZAF,2016,11908.11140360691
ZAF,2017,11867.522167448227
ZAF,2018,11873.299867563794
ZAF,2019,11739.935508497538
ZAF,2020,10839.1330806975
ZAF,2021,11273.159112407795
ZAF,2022,11415.886895189935
ZMB,1960,1530
ZMB,1961,1495
ZMB,1962,1443
ZMB,1963,1438
ZMB,1964,1588
ZMB,1965,1828
ZMB,1966,1683
ZMB,1967,1765
ZMB,1968,1741
ZMB,1969,1683
ZMB,1970,1710
ZMB,1971,1661
ZMB,1972,1761
ZMB,1973,1693
ZMB,1974,1776
ZMB,1975,1659
ZMB,1976,1707
ZMB,1977,1578
ZMB,1978,1541
ZMB,1979,1451
ZMB,1980,1452
ZMB,1981,1492
ZMB,1982,1398
ZMB,1983,1320
ZMB,1984,1269
ZMB,1985,1250
ZMB,1986,1215
ZMB,1987,1203
ZMB,1988,1239
ZMB,1989,1215
ZMB,1990,1285
ZMB,1991,1279.7515311632137
ZMB,1992,1308.8516494552214
ZMB,1993,1312.3370040463594
ZMB,1994,1142.201816497409
ZMB,1995,1180.9438016286122
ZMB,1996,1260.7261920687567
ZMB,1997,1311.3571115227148
ZMB,1998,1308.951469385193
ZMB,1999,1373.8510250414997
ZMB,2000,1428.5023540792963
ZMB,2001,1504.4498690487014
ZMB,2002,1579.0227644596405
ZMB,2003,1698.5515660943915
ZMB,2004,1828.3098624611594
ZMB,2005,1970.0186788822327
ZMB,2006,2133.5938846454
ZMB,2007,2318.6270735262383
ZMB,2008,2504.7569814443345
ZMB,2009,2743.3219210206375
ZMB,2010,3032.067929130341
ZMB,2011,3205
ZMB,2012,3344.8651743028568
ZMB,2013,3409.31384389593
ZMB,2014,3461.0899810668607
ZMB,2015,3454.3527073183586
ZMB,2016,3476.8513534909916
ZMB,2017,3489.854708801411
ZMB,2018,3521.505005744813
ZMB,2019,3466.2364125529007
ZMB,2020,3270.5992234999458
ZMB,2021,3321.5944958260097
ZMB,2022,3342.4213246285044
ZWE,1960,1495
ZWE,1961,1524
ZWE,1962,1497
ZWE,1963,1436
ZWE,1964,1519
ZWE,1965,1568
ZWE,1966,1541
ZWE,1967,1618
ZWE,1968,1592
ZWE,1969,1731
ZWE,1970,2043
ZWE,1971,2157
ZWE,1972,2268
ZWE,1973,2283
ZWE,1974,2275
ZWE,1975,2235
ZWE,1976,2163
ZWE,1977,1946
ZWE,1978,1964
ZWE,1979,1930
ZWE,1980,2064
ZWE,1981,2243
ZWE,1982,2240
ZWE,1983,2190
ZWE,1984,2067
ZWE,1985,2128
ZWE,1986,2107
ZWE,1987,2004
ZWE,1988,2114
ZWE,1989,2181
ZWE,1990,2160
ZWE,1991,2222.2553387004546
ZWE,1992,1971.445577004877
ZWE,1993,1948.9105382578728
ZWE,1994,2110.7119843012624
ZWE,1995,2102.859909859986
ZWE,1996,2292.487465296701
ZWE,1997,2326.538888236251
ZWE,1998,2369.019123916858
ZWE,1999,2323.0092753718695
ZWE,2000,2211.196193424148
ZWE,2001,2193.738480509109
ZWE,2002,2025.3177537887889
ZWE,2003,1700.9558583487146
ZWE,2004,1604.5030247347179
ZWE,2005,1496.034266700551
ZWE,2006,1455.7286141876027
ZWE,2007,1422.1553208297955
ZWE,2008,1197.5260676682437
ZWE,2009,1285.0465886478373
ZWE,2010,1401.8565190725872
ZWE,2011,1515
ZWE,2012,1749.8566122348195
ZWE,2013,1766.3789287961536
ZWE,2014,1789.0047733469328
ZWE,2015,1798.7871864555148
ZWE,2016,1782.8301249098747
ZWE,2017,1843.9462298112858
ZWE,2018,1900.1991906974133
ZWE,2019,1753.0244485571218
ZWE,2020,1585.9728041575377
ZWE,2021,1687.253154013049
ZWE,2022,1703.5293725691904
